commodity,n
0,29
2495,29
2497,29
2498,29
4421,29
4420,29
4419,29
4418,29
2503,29
2504,29
2505,29
2506,29
2507,29
2508,29
2509,29
2510,29
2511,29
2512,29
2513,29
2514,29
2515,29
2516,29
2517,29
2518,29
2519,29
2520,29
2521,29
2496,29
2494,29
2338,29
2493,29
4429,29
4428,29
4427,29
4426,29
4425,29
4424,29
4423,29
4422,29
2476,29
2477,29
2478,29
2479,29
2480,29
2481,29
2482,29
2483,29
2484,29
2485,29
2486,29
2487,29
2488,29
2489,29
2490,29
2491,29
2492,29
2522,29
2523,29
4417,29
4416,29
2555,29
2556,29
2557,29
2558,29
2559,29
2560,29
2561,29
2562,29
4415,29
4414,29
4413,29
4412,29
2567,29
2568,29
2569,29
2570,29
2571,29
2572,29
2573,29
2574,29
2575,29
2577,29
2578,29
2579,29
2580,29
2554,29
2553,29
2552,29
2537,29
2526,29
2527,29
2528,29
2529,29
2530,29
2531,29
2532,29
2533,29
2534,29
2535,29
2536,29
2538,29
2551,29
2540,29
2541,29
2542,29
2543,29
2544,29
2545,29
2546,29
2547,29
2548,29
2549,29
2550,29
4430,29
4431,29
4432,29
2402,29
2371,29
2372,29
2373,29
2374,29
2375,29
2377,29
2379,29
2380,29
2381,29
2382,29
2383,29
2384,29
2385,29
2386,29
2387,29
2388,29
2389,29
2390,29
2391,29
2392,29
2394,29
2396,29
2397,29
2398,29
2399,29
2370,29
2369,29
2368,29
2351,29
2340,29
2341,29
2342,29
2343,29
2344,29
2345,29
2346,29
2347,29
2348,29
2349,29
2350,29
2352,29
2367,29
2353,29
2354,29
2355,29
4440,29
4439,29
4438,29
4437,29
4436,29
4435,29
2365,29
2366,29
2401,29
2403,29
4433,29
2404,29
2435,29
2436,29
2437,29
2438,29
2439,29
2440,29
2441,29
2442,29
2443,29
2444,29
2445,29
2446,29
2447,29
2448,29
2449,29
2450,29
2451,29
2452,29
2455,29
2456,29
2457,29
2458,29
2459,29
2460,29
2461,29
2434,29
2433,29
2432,29
2417,29
2405,29
2406,29
2407,29
2408,29
2409,29
2410,29
2411,29
2412,29
2413,29
2415,29
2416,29
2418,29
4434,29
2419,29
2420,29
2421,29
2422,29
2424,29
2425,29
2426,29
2427,29
2428,29
2429,29
2430,29
2581,29
2582,29
2583,29
2759,29
2733,29
2734,29
2735,29
2736,29
2737,29
2738,29
2739,29
2740,29
2741,29
2742,29
2743,29
2744,29
2745,29
2746,29
2747,29
2748,29
2749,29
2750,29
2751,29
2752,29
2753,29
2754,29
2755,29
2756,29
2757,29
2732,29
2731,29
2730,29
4405,29
2704,29
2705,29
2706,29
2707,29
2708,29
2709,29
2710,29
2711,29
2712,29
4408,29
4407,29
4404,29
2729,29
4403,29
4402,29
4401,29
4400,29
4399,29
4398,29
2724,29
2725,29
2726,29
2727,29
2728,29
2758,29
2760,29
2702,29
2761,29
2790,29
2791,29
2792,29
2793,29
2794,29
2795,29
2796,29
2797,29
2798,29
2799,29
2800,29
2801,29
2802,29
2803,29
2804,29
2805,29
2806,29
2807,29
2808,29
2809,29
2810,29
2811,29
2812,29
2813,29
2814,29
2789,29
2788,29
2787,29
2773,29
2762,29
2763,29
2764,29
2765,29
2766,29
2767,29
2768,29
2769,29
2770,29
2771,29
2772,29
2774,29
2786,29
2775,29
2776,29
2777,29
2778,29
2779,29
2780,29
2781,29
2782,29
2783,29
2784,29
2785,29
2703,29
2701,29
2584,29
2642,29
2615,29
2616,29
2617,29
2618,29
2619,29
2621,29
2622,29
2623,29
2624,29
2625,29
2626,29
2627,29
2628,29
2629,29
2630,29
2631,29
2632,29
2633,29
2634,29
2635,29
2636,29
2637,29
2638,29
2639,29
2640,29
2614,29
2613,29
2612,29
2598,29
2585,29
2586,29
2587,29
2588,29
2589,29
2590,29
4411,29
2592,29
2594,29
2596,29
2597,29
2599,29
2611,29
2600,29
2601,29
2602,29
2603,29
2604,29
2605,29
2606,29
2607,29
2608,29
4410,29
2610,29
2641,29
2643,29
2700,29
2644,29
2674,29
2675,29
2676,29
2677,29
2678,29
2679,29
2680,29
2681,29
2682,29
2683,29
2684,29
2685,29
2686,29
2687,29
2689,29
2690,29
2691,29
2692,29
2693,29
2694,29
2695,29
2696,29
2697,29
2698,29
2699,29
2673,29
2672,29
2671,29
2656,29
2645,29
2646,29
2647,29
2648,29
2649,29
2650,29
2651,29
2652,29
2653,29
2654,29
2655,29
2657,29
2670,29
2658,29
2659,29
2660,29
2661,29
2663,29
4409,29
2665,29
2666,29
2667,29
2668,29
2669,29
2339,29
2337,29
4600,29
1983,29
1986,29
4554,29
1988,29
1989,29
1990,29
1991,29
1992,29
1993,29
1994,29
1995,29
1996,29
1997,29
1998,29
1999,29
2000,29
2001,29
2002,29
2003,29
2004,29
2005,29
2006,29
2007,29
2008,29
2009,29
2010,29
1985,29
1982,29
2336,29
1981,29
1954,29
4559,29
1957,29
1958,29
4558,29
4557,29
4556,29
1962,29
1963,29
1964,29
4555,29
1966,29
1967,29
1968,29
1969,29
1970,29
1971,29
1972,29
1973,29
1974,29
1975,29
1976,29
1977,29
1978,29
1980,29
2011,29
2012,29
2013,29
2014,29
2043,29
2044,29
2045,29
2046,29
4553,29
4552,29
2049,29
2050,29
2051,29
2052,29
2053,29
4551,29
4550,29
4549,29
4548,29
4547,29
4546,29
4545,29
4544,29
4543,29
4542,29
4541,29
4540,29
4539,29
4538,29
2042,29
2041,29
2040,29
2026,29
2015,29
2016,29
2017,29
2018,29
2019,29
2020,29
2021,29
2022,29
2023,29
2024,29
2025,29
2027,29
2039,29
2028,29
2029,29
2030,29
2031,29
2032,29
2033,29
2034,29
2035,29
2036,29
2037,29
2038,29
1953,29
1951,29
1950,29
1891,29
1858,29
4590,29
4588,29
4587,29
4584,29
4581,29
1865,29
1867,29
1868,29
1869,29
4577,29
4576,29
1875,29
1877,29
1878,29
1879,29
1880,29
1882,29
1883,29
1884,29
1885,29
1886,29
1887,29
1888,29
1889,29
1857,29
1856,29
1855,29
1839,29
1828,29
1829,29
1830,29
1831,29
1832,29
1833,29
1834,29
1835,29
1836,29
1837,29
1838,29
1840,29
1853,29
1841,29
1842,29
1843,29
1844,29
1845,29
1846,29
4598,29
4596,29
4593,29
4592,29
4591,29
4218,29
1892,29
1949,29
1893,29
4569,29
4568,29
4567,29
4566,29
4565,29
4564,29
4563,29
4562,29
1931,29
1932,29
1933,29
1934,29
1935,29
1936,29
1937,29
1938,29
1939,29
1940,29
1941,29
4561,29
1943,29
4560,29
1945,29
1946,29
1947,29
4570,29
4571,29
4572,29
1905,29
1894,29
1895,29
1896,29
1897,29
1898,29
1899,29
1900,29
1901,29
1902,29
1903,29
1904,29
1906,29
4573,29
1907,29
1908,29
4575,29
1910,29
1911,29
1912,29
1913,29
1914,29
1915,29
1916,29
4574,29
4537,29
4536,29
4535,29
2276,29
4516,29
4515,29
4514,29
4513,29
4512,29
4511,29
4510,29
4509,29
4508,29
4507,29
4505,29
4499,29
4498,29
4497,29
4496,29
4495,29
4494,29
4493,29
4492,29
4491,29
4489,29
4484,29
2267,29
2270,29
2271,29
4517,29
4518,29
2237,29
2220,29
2208,29
2209,29
2210,29
2211,29
2212,29
2213,29
2214,29
2215,29
2217,29
2218,29
2219,29
2221,29
2236,29
2222,29
2225,29
2226,29
4519,29
2228,29
2229,29
2230,29
2231,29
2232,29
2233,29
2235,29
2273,29
2277,29
2206,29
2278,29
2311,29
2312,29
2313,29
2314,29
2315,29
2316,29
2317,29
2318,29
2319,29
2320,29
2321,29
2322,29
2323,29
2324,29
2325,29
2326,29
2327,29
2328,29
2329,29
2330,29
2331,29
2332,29
2333,29
2334,29
2335,29
2310,29
2309,29
2308,29
4443,29
2279,29
2280,29
2281,29
2282,29
2283,29
4449,29
4448,29
4447,29
4446,29
4445,29
4444,29
4442,29
2307,29
4441,29
2296,29
2297,29
2299,29
2300,29
2301,29
2302,29
2303,29
2304,29
2305,29
2306,29
2207,29
2205,29
4534,29
2140,29
2104,29
4529,29
2110,29
2112,29
2113,29
2115,29
2116,29
2117,29
2118,29
2119,29
2120,29
2121,29
2122,29
2123,29
2124,29
2125,29
2126,29
2127,29
2128,29
2129,29
2130,29
2131,29
2132,29
2133,29
4526,29
2102,29
4531,29
4532,29
2083,29
4533,29
2073,29
2074,29
2075,29
2076,29
2077,29
2078,29
2079,29
2080,29
2081,29
2082,29
2084,29
2099,29
2085,29
2086,29
2087,29
2088,29
2089,29
2090,29
2091,29
2094,29
2096,29
2097,29
2098,29
4524,29
2141,29
2204,29
2142,29
2178,29
2179,29
2180,29
2181,29
2182,29
2183,29
2184,29
2185,29
2186,29
2187,29
2188,29
2189,29
2190,29
2191,29
2192,29
2193,29
2194,29
2195,29
2196,29
2197,29
2198,29
2200,29
2201,29
2202,29
2203,29
2177,29
2176,29
2175,29
2155,29
2143,29
2144,29
2145,29
4523,29
2147,29
2148,29
2149,29
2150,29
2151,29
2153,29
2154,29
2158,29
2174,29
2160,29
4522,29
2164,29
4521,29
4520,29
2168,29
2169,29
2170,29
2171,29
2172,29
2173,29
2815,29
2816,29
2817,29
3455,29
3457,29
3458,29
3459,29
3460,29
3461,29
3462,29
3463,29
3464,29
3465,29
3466,29
3467,29
3468,29
3469,29
3470,29
3471,29
3472,29
3473,29
3474,29
3475,29
3476,29
3477,29
3478,29
3479,29
3480,29
3481,29
4297,29
4298,29
2818,29
4299,29
3428,29
3429,29
3430,29
3431,29
3432,29
3433,29
3434,29
3435,29
3436,29
3437,29
3438,29
3439,29
3440,29
3441,29
3442,29
3443,29
3444,29
3445,29
3446,29
3447,29
3448,29
3449,29
4302,29
4301,29
4300,29
3482,29
3483,29
3484,29
3485,29
3517,29
3518,29
3519,29
3520,29
3521,29
3522,29
3523,29
3525,29
3526,29
3527,29
3528,29
3529,29
3530,29
3531,29
3532,29
3533,29
3534,29
3535,29
3536,29
3537,29
3538,29
3539,29
3540,29
3541,29
3542,29
3515,29
3514,29
4287,29
3497,29
3486,29
3487,29
3488,29
3489,29
3490,29
3491,29
3492,29
3493,29
3494,29
3495,29
3496,29
3498,29
4288,29
3499,29
3500,29
3501,29
4296,29
4295,29
4294,29
4293,29
4292,29
4291,29
4290,29
4289,29
3427,29
3426,29
3425,29
3368,29
3340,29
3342,29
3343,29
3344,29
3345,29
3346,29
3347,29
3348,29
3349,29
3350,29
3351,29
3352,29
3354,29
3355,29
3356,29
3357,29
3358,29
3359,29
3360,29
3361,29
3362,29
3363,29
3364,29
3365,29
3366,29
3339,29
3338,29
3337,29
4315,29
4327,29
4326,29
4325,29
4324,29
4323,29
4322,29
4321,29
4320,29
4319,29
4317,29
4316,29
4314,29
3336,29
4313,29
4312,29
4311,29
4310,29
4309,29
4308,29
4307,29
4306,29
4305,29
4304,29
4303,29
3367,29
3369,29
3424,29
3370,29
3399,29
3400,29
3401,29
3402,29
3403,29
3404,29
3405,29
3406,29
3407,29
3408,29
3409,29
3410,29
3411,29
3412,29
3413,29
3414,29
3415,29
3416,29
3417,29
3418,29
3419,29
3420,29
3421,29
3422,29
3423,29
3398,29
3397,29
3396,29
3382,29
3371,29
3372,29
3373,29
3374,29
3375,29
3376,29
3377,29
3378,29
3379,29
3380,29
3381,29
3383,29
3395,29
3384,29
3385,29
3386,29
3387,29
3388,29
3389,29
3390,29
3391,29
3392,29
3393,29
3394,29
3543,29
3544,29
3545,29
3723,29
3697,29
3698,29
3699,29
3700,29
3701,29
3702,29
3703,29
3704,29
3705,29
3706,29
3707,29
3708,29
3709,29
3710,29
3711,29
3712,29
3713,29
3714,29
3715,29
3716,29
3717,29
3718,29
3719,29
3720,29
3721,29
3696,29
3695,29
3694,29
3680,29
3669,29
3670,29
3671,29
3672,29
3673,29
3674,29
3675,29
3676,29
3677,29
3678,29
3679,29
3681,29
3693,29
3682,29
3683,29
3684,29
3685,29
3686,29
3687,29
3688,29
3689,29
3690,29
4271,29
4270,29
3722,29
3724,29
3667,29
3725,29
4244,29
4243,29
4242,29
4241,29
4240,29
4239,29
4238,29
4237,29
4236,29
4235,29
4234,29
4233,29
4232,29
4231,29
4230,29
4229,29
4228,29
4227,29
4226,29
4225,29
4224,29
4223,29
4222,29
4221,29
4220,29
4245,29
4246,29
4247,29
4261,29
3726,29
3727,29
3728,29
4269,29
4268,29
4267,29
4266,29
4265,29
4264,29
4263,29
4262,29
4260,29
4248,29
4259,29
4258,29
4257,29
4256,29
4255,29
4254,29
4253,29
4252,29
4251,29
4250,29
4249,29
3668,29
3666,29
3546,29
3609,29
4283,29
3583,29
3584,29
3585,29
3586,29
4282,29
4281,29
4280,29
4279,29
4278,29
3592,29
3593,29
3594,29
3595,29
3596,29
3598,29
3599,29
3600,29
3601,29
3602,29
3603,29
3604,29
3605,29
3606,29
3607,29
4284,29
3579,29
3578,29
3558,29
3547,29
3548,29
3549,29
3550,29
3551,29
3552,29
3553,29
3554,29
3555,29
3556,29
3557,29
3559,29
3577,29
3560,29
3561,29
3564,29
3565,29
3566,29
3567,29
3569,29
4286,29
4285,29
3575,29
3576,29
3608,29
4277,29
3665,29
3611,29
3640,29
3641,29
3642,29
3643,29
3644,29
3645,29
3646,29
3647,29
3648,29
3649,29
3650,29
3651,29
3652,29
3653,29
3654,29
3655,29
3656,29
3657,29
3658,29
3659,29
3660,29
3661,29
3662,29
3663,29
3664,29
3639,29
3638,29
3637,29
4276,29
3612,29
3613,29
3614,29
3615,29
3616,29
3617,29
3618,29
3619,29
3620,29
3621,29
3622,29
4275,29
3636,29
4274,29
4273,29
4272,29
3628,29
3629,29
3630,29
3631,29
3632,29
3633,29
3634,29
3635,29
4328,29
4329,29
4330,29
4374,29
2962,29
2963,29
2964,29
2965,29
2966,29
2967,29
2968,29
2969,29
2970,29
2971,29
2972,29
2973,29
2974,29
2975,29
2976,29
2977,29
2978,29
2979,29
2981,29
2982,29
2983,29
2984,29
2985,29
2986,29
2988,29
2961,29
2960,29
2959,29
2944,29
2933,29
2934,29
2935,29
2936,29
2937,29
4378,29
4377,29
4376,29
2941,29
2942,29
2943,29
2945,29
2958,29
2946,29
4375,29
2948,29
2949,29
2950,29
2951,29
2952,29
2953,29
2954,29
2955,29
2957,29
2989,29
2991,29
2931,29
2992,29
3022,29
3023,29
3024,29
3025,29
3026,29
3027,29
3028,29
3029,29
3030,29
3031,29
3032,29
3033,29
3034,29
3035,29
3036,29
3037,29
3038,29
3039,29
3040,29
3041,29
3042,29
3043,29
3044,29
3045,29
3046,29
3021,29
3020,29
3019,29
4368,29
2993,29
2994,29
2995,29
2996,29
2997,29
2998,29
4373,29
4372,29
4371,29
4370,29
4369,29
4367,29
3018,29
4366,29
4365,29
3009,29
3010,29
3011,29
3012,29
3013,29
3014,29
3015,29
3016,29
3017,29
2932,29
2930,29
3048,29
2873,29
2847,29
2848,29
2849,29
2850,29
2851,29
2852,29
2853,29
2854,29
2855,29
2856,29
2857,29
2858,29
2859,29
2860,29
2861,29
2862,29
2863,29
2864,29
2865,29
2866,29
2867,29
2868,29
2869,29
2870,29
2871,29
2846,29
2845,29
2844,29
2830,29
2819,29
2820,29
2821,29
2822,29
2823,29
2824,29
2825,29
2826,29
2827,29
2828,29
2829,29
2831,29
2843,29
2832,29
2833,29
2834,29
2835,29
4397,29
4396,29
4395,29
4394,29
4393,29
4392,29
4391,29
2872,29
2874,29
4379,29
2875,29
2904,29
2905,29
2906,29
2907,29
2908,29
2909,29
2910,29
2911,29
2912,29
2913,29
2914,29
2915,29
2916,29
2917,29
2918,29
2919,29
2920,29
2921,29
2922,29
2923,29
2924,29
2925,29
4382,29
4381,29
4380,29
2903,29
2902,29
2901,29
2887,29
2876,29
2877,29
2878,29
2879,29
2880,29
2881,29
2882,29
2883,29
2884,29
2885,29
2886,29
2888,29
4383,29
2889,29
2890,29
2891,29
2892,29
4390,29
4389,29
4388,29
4387,29
4386,29
4385,29
4384,29
3047,29
3049,29
4331,29
3245,29
4355,29
3214,29
3215,29
3216,29
3217,29
3218,29
4354,29
3220,29
3221,29
4353,29
3227,29
3228,29
3229,29
3230,29
3231,29
3232,29
3234,29
3236,29
3237,29
3238,29
3239,29
3240,29
3241,29
3242,29
3243,29
3210,29
3209,29
3208,29
4357,29
3175,29
3177,29
3178,29
3179,29
3182,29
3184,29
3185,29
3187,29
3188,29
4358,29
3191,29
3194,29
3207,29
3196,29
3197,29
3198,29
3199,29
3200,29
3201,29
3202,29
4356,29
3204,29
3205,29
3206,29
3244,29
3246,29
3172,29
3247,29
3277,29
3278,29
3279,29
3280,29
3281,29
3283,29
4350,29
4349,29
4348,29
4347,29
4346,29
4345,29
4344,29
4343,29
4342,29
4341,29
4340,29
4339,29
4338,29
4337,29
4336,29
4335,29
4334,29
4333,29
4332,29
3276,29
3275,29
3274,29
3259,29
3248,29
3249,29
3250,29
3251,29
3252,29
3253,29
3254,29
3255,29
3256,29
3257,29
3258,29
3260,29
3273,29
3261,29
3262,29
3263,29
3264,29
3265,29
3266,29
3268,29
3269,29
3270,29
4352,29
4351,29
4359,29
3170,29
3050,29
3107,29
3079,29
3080,29
3081,29
3082,29
3083,29
3084,29
3085,29
3086,29
3087,29
3089,29
3090,29
3091,29
3092,29
4363,29
3094,29
3095,29
3096,29
3097,29
3099,29
3100,29
3101,29
3102,29
3103,29
3104,29
3105,29
3078,29
3077,29
3076,29
3062,29
3051,29
3052,29
3053,29
3054,29
3055,29
3056,29
3057,29
3058,29
3059,29
3060,29
3061,29
3063,29
3075,29
3064,29
4364,29
3066,29
3067,29
3068,29
3069,29
3070,29
3071,29
3072,29
3073,29
3074,29
3106,29
3108,29
3168,29
3109,29
3140,29
3141,29
3142,29
3144,29
4362,29
3146,29
3147,29
3148,29
3149,29
3150,29
3151,29
3152,29
4361,29
3154,29
4360,29
3156,29
3157,29
3158,29
3159,29
3162,29
3163,29
3164,29
3165,29
3166,29
3167,29
3139,29
3138,29
3137,29
3121,29
3110,29
3111,29
3112,29
3113,29
3114,29
3115,29
3116,29
3117,29
3118,29
3119,29
3120,29
3122,29
3136,29
3123,29
3124,29
3127,29
3128,29
3129,29
3130,29
3131,29
3132,29
3133,29
3134,29
3135,29
4599,29
1890,29
4601,29
4810,29
4821,29
656,29
657,29
658,29
662,29
4820,29
666,29
667,29
668,29
669,29
4812,29
4809,29
652,29
4808,29
4807,29
4806,29
4805,29
679,29
680,29
681,29
682,29
4804,29
684,29
4803,29
653,29
651,29
689,29
634,29
623,29
624,29
625,29
626,29
627,29
628,29
629,29
630,29
631,29
632,29
633,29
635,29
650,29
636,29
637,29
638,29
639,29
640,29
641,29
643,29
645,29
647,29
648,29
649,29
688,29
690,29
4796,29
737,29
722,29
723,29
724,29
726,29
727,29
728,29
729,29
730,29
731,29
735,29
736,29
738,29
4800,29
740,29
742,29
743,29
744,29
745,29
747,29
748,29
749,29
750,29
4799,29
4798,29
721,29
719,29
691,29
704,29
692,29
693,29
694,29
695,29
696,29
697,29
698,29
700,29
701,29
702,29
703,29
705,29
718,29
706,29
707,29
708,29
4802,29
4801,29
711,29
713,29
714,29
715,29
716,29
717,29
622,29
621,29
620,29
551,29
537,29
538,29
540,29
542,29
543,29
544,29
545,29
546,29
547,29
549,29
550,29
552,29
535,29
553,29
554,29
555,29
556,29
557,29
558,29
559,29
560,29
561,29
562,29
563,29
536,29
534,29
619,29
520,29
509,29
510,29
511,29
512,29
4825,29
514,29
515,29
516,29
517,29
518,29
519,29
521,29
533,29
522,29
523,29
524,29
525,29
526,29
527,29
528,29
529,29
530,29
531,29
532,29
564,29
565,29
566,29
606,29
595,29
596,29
597,29
598,29
599,29
600,29
601,29
602,29
603,29
604,29
605,29
607,29
567,29
608,29
609,29
610,29
611,29
612,29
613,29
614,29
615,29
4824,29
4823,29
4822,29
594,29
593,29
592,29
591,29
568,29
569,29
570,29
571,29
572,29
573,29
574,29
575,29
576,29
577,29
578,29
579,29
580,29
581,29
582,29
583,29
584,29
585,29
586,29
587,29
588,29
589,29
590,29
4797,29
4795,29
4732,29
933,29
921,29
923,29
924,29
925,29
4602,29
927,29
928,29
929,29
930,29
931,29
932,29
934,29
919,29
935,29
936,29
4740,29
939,29
940,29
941,29
942,29
944,29
945,29
946,29
947,29
920,29
918,29
949,29
904,29
892,29
893,29
894,29
896,29
897,29
898,29
899,29
900,29
901,29
4742,29
903,29
905,29
917,29
906,29
907,29
908,29
909,29
910,29
911,29
4741,29
913,29
914,29
915,29
916,29
948,29
950,29
4794,29
995,29
982,29
983,29
984,29
985,29
986,29
987,29
988,29
991,29
992,29
993,29
994,29
996,29
980,29
4738,29
998,29
999,29
1000,29
1001,29
1002,29
1003,29
4737,29
4736,29
4735,29
4734,29
981,29
979,29
951,29
963,29
952,29
953,29
954,29
955,29
956,29
957,29
958,29
4739,29
960,29
961,29
962,29
965,29
978,29
966,29
968,29
969,29
970,29
971,29
972,29
973,29
974,29
975,29
976,29
977,29
891,29
890,29
889,29
4771,29
4777,29
4776,29
4775,29
4774,29
799,29
801,29
802,29
4773,29
805,29
806,29
4772,29
811,29
4779,29
813,29
4770,29
815,29
816,29
4769,29
819,29
820,29
822,29
823,29
824,29
825,29
4778,29
4780,29
888,29
4785,29
4793,29
4792,29
4790,29
4789,29
4788,29
4787,29
4786,29
765,29
766,29
768,29
769,29
772,29
791,29
4784,29
774,29
4783,29
776,29
4782,29
780,29
782,29
4781,29
784,29
788,29
790,29
826,29
827,29
828,29
874,29
863,29
864,29
865,29
866,29
867,29
4743,29
869,29
870,29
871,29
872,29
873,29
875,29
829,29
876,29
877,29
878,29
879,29
880,29
881,29
882,29
883,29
884,29
886,29
887,29
862,29
861,29
860,29
4744,29
4768,29
831,29
832,29
4767,29
4766,29
4765,29
4748,29
4747,29
4746,29
4745,29
846,29
847,29
848,29
849,29
850,29
851,29
852,29
853,29
854,29
855,29
856,29
857,29
858,29
4826,29
507,29
4827,29
187,29
4917,29
175,29
177,29
178,29
180,29
181,29
182,29
4916,29
4915,29
185,29
186,29
189,29
172,29
190,29
191,29
192,29
193,29
4914,29
4913,29
4912,29
4911,29
4910,29
4909,29
201,29
173,29
171,29
4908,29
154,29
143,29
144,29
145,29
146,29
147,29
148,29
149,29
150,29
151,29
152,29
153,29
155,29
4918,29
156,29
157,29
158,29
159,29
160,29
161,29
4919,29
164,29
165,29
166,29
167,29
202,29
4907,29
4828,29
4898,29
237,29
238,29
239,29
240,29
241,29
4904,29
4903,29
4902,29
4901,29
4900,29
4899,29
4897,29
235,29
4896,29
4895,29
4894,29
4893,29
4892,29
255,29
256,29
257,29
259,29
260,29
261,29
236,29
234,29
4906,29
219,29
207,29
208,29
209,29
211,29
4905,29
213,29
214,29
215,29
216,29
217,29
218,29
220,29
233,29
221,29
222,29
223,29
225,29
226,29
227,29
228,29
229,29
230,29
231,29
232,29
4920,29
4921,29
4922,29
4960,29
4971,29
4970,29
4969,29
4968,29
4967,29
4966,29
4965,29
4964,29
4963,29
4962,29
4961,29
4959,29
4973,29
4958,29
4957,29
4956,29
4955,29
57,29
4954,29
4953,29
61,29
63,29
4952,29
4951,29
4972,29
4974,29
4923,29
4986,29
4996,29
3,29
4995,29
4994,29
4993,29
4992,29
4991,29
4990,29
12,29
14,29
20,29
4985,29
4975,29
4984,29
4983,29
4982,29
27,29
4981,29
4980,29
4979,29
4978,29
32,29
4977,29
4976,29
68,29
4950,29
4949,29
123,29
4948,29
110,29
111,29
112,29
113,29
114,29
115,29
116,29
117,29
119,29
121,29
124,29
75,29
4947,29
4946,29
4945,29
4944,29
4943,29
4942,29
4941,29
4940,29
4926,29
4925,29
4924,29
107,29
106,29
105,29
104,29
76,29
80,29
81,29
82,29
83,29
86,29
87,29
88,29
89,29
90,29
91,29
92,29
93,29
94,29
95,29
96,29
97,29
98,29
99,29
100,29
101,29
102,29
103,29
262,29
263,29
264,29
4856,29
413,29
414,29
415,29
416,29
4862,29
418,29
4861,29
4860,29
421,29
422,29
4857,29
4855,29
411,29
4854,29
4853,29
4852,29
431,29
432,29
433,29
434,29
435,29
436,29
437,29
438,29
412,29
410,29
4873,29
4865,29
4871,29
4870,29
4869,29
4868,29
4867,29
388,29
390,29
4866,29
392,29
393,29
394,29
396,29
409,29
397,29
4864,29
399,29
400,29
401,29
402,29
4863,29
405,29
406,29
407,29
408,29
439,29
4851,29
4850,29
490,29
478,29
479,29
480,29
481,29
482,29
483,29
484,29
485,29
487,29
488,29
489,29
491,29
4849,29
492,29
493,29
4833,29
4832,29
496,29
497,29
498,29
499,29
4831,29
4830,29
4829,29
476,29
474,29
473,29
4834,29
443,29
444,29
445,29
447,29
4848,29
4847,29
4845,29
4844,29
4843,29
454,29
457,29
458,29
4836,29
460,29
462,29
4835,29
465,29
466,29
467,29
468,29
469,29
470,29
471,29
4872,29
4874,29
265,29
308,29
297,29
298,29
299,29
300,29
301,29
4888,29
4887,29
4886,29
305,29
306,29
307,29
309,29
295,29
310,29
311,29
312,29
313,29
314,29
315,29
316,29
317,29
318,29
319,29
320,29
296,29
294,29
379,29
277,29
266,29
267,29
268,29
269,29
270,29
271,29
272,29
273,29
274,29
275,29
276,29
4891,29
293,29
279,29
280,29
4890,29
283,29
284,29
4889,29
287,29
289,29
290,29
291,29
292,29
321,29
322,29
323,29
366,29
4876,29
354,29
355,29
356,29
357,29
358,29
361,29
4875,29
363,29
364,29
365,29
367,29
324,29
368,29
369,29
370,29
371,29
372,29
373,29
374,29
375,29
376,29
377,29
378,29
352,29
4877,29
350,29
349,29
325,29
326,29
327,29
328,29
329,29
330,29
331,29
332,29
4885,29
4884,29
4883,29
4882,29
4881,29
4880,29
339,29
340,29
4879,29
342,29
343,29
345,29
346,29
347,29
4878,29
4733,29
926,29
4731,29
1516,29
1505,29
1506,29
1507,29
1508,29
1509,29
1510,29
1511,29
1512,29
1513,29
1514,29
1515,29
1517,29
1531,29
1518,29
1519,29
1520,29
1521,29
1522,29
1523,29
1524,29
1525,29
1526,29
1528,29
1529,29
1504,29
1503,29
1502,29
1501,29
1477,29
1478,29
1479,29
1480,29
1481,29
1482,29
1483,29
1484,29
1485,29
1486,29
1487,29
1489,29
4640,29
1491,29
1492,29
1493,29
1494,29
1495,29
1496,29
1497,29
1498,29
1499,29
1500,29
1530,29
1532,29
1475,29
1576,29
1564,29
1565,29
1566,29
1567,29
1569,29
1570,29
4631,29
1572,29
1573,29
1574,29
1575,29
1577,29
1533,29
1578,29
1579,29
1580,29
1581,29
1582,29
1583,29
1584,29
1585,29
1586,29
1587,29
1588,29
1563,29
1562,29
1561,29
1558,29
1534,29
1536,29
1537,29
1538,29
1539,29
1540,29
4639,29
4638,29
4637,29
4636,29
4635,29
4634,29
4632,29
1548,29
1549,29
1550,29
1551,29
1552,29
1553,29
1554,29
1555,29
1556,29
1557,29
1476,29
1474,29
1591,29
1406,29
1395,29
1396,29
1397,29
1398,29
1399,29
1400,29
1401,29
1402,29
1403,29
1404,29
1405,29
1407,29
1420,29
1408,29
1409,29
1410,29
1411,29
1412,29
1413,29
1414,29
1415,29
1416,29
1417,29
1418,29
1394,29
1393,29
1392,29
1391,29
1368,29
1369,29
4653,29
1371,29
1372,29
1373,29
1374,29
1375,29
1376,29
1377,29
1378,29
1379,29
1380,29
1381,29
1382,29
1383,29
1384,29
4652,29
4651,29
4650,29
1388,29
1389,29
1390,29
1419,29
1421,29
1473,29
1460,29
1449,29
1450,29
1451,29
1452,29
1453,29
1454,29
1455,29
1456,29
1457,29
1458,29
1459,29
1461,29
1422,29
4646,29
4645,29
4644,29
4643,29
4642,29
4641,29
1468,29
1469,29
1470,29
1471,29
1472,29
1448,29
1447,29
1446,29
1445,29
1423,29
1424,29
1425,29
1426,29
1427,29
4730,29
1428,29
1429,29
1430,29
4649,29
4648,29
4647,29
1434,29
1435,29
1436,29
1437,29
1438,29
1439,29
1440,29
1441,29
1442,29
1443,29
1444,29
1590,29
1592,29
1364,29
1748,29
1736,29
1737,29
1738,29
1739,29
1740,29
1742,29
1743,29
1744,29
1745,29
1746,29
1747,29
1749,29
4622,29
1751,29
1752,29
1753,29
1754,29
1755,29
1756,29
1757,29
1758,29
1759,29
1760,29
1761,29
1735,29
1734,29
1733,29
1732,29
1709,29
1710,29
1711,29
1712,29
1713,29
1714,29
1715,29
1716,29
1717,29
1718,29
1719,29
1720,29
1721,29
1722,29
1723,29
1724,29
4625,29
4624,29
4623,29
1728,29
1729,29
1730,29
1731,29
1762,29
1764,29
1707,29
1809,29
4620,29
1799,29
1800,29
1801,29
4619,29
1803,29
4618,29
1805,29
1806,29
1807,29
1808,29
1810,29
1765,29
4617,29
1812,29
4616,29
4615,29
4614,29
4613,29
4610,29
4609,29
4608,29
4607,29
4603,29
1795,29
4621,29
1790,29
1789,29
1766,29
1767,29
1768,29
1769,29
1770,29
1771,29
1772,29
1773,29
1774,29
1775,29
1776,29
1777,29
1778,29
1779,29
1780,29
1781,29
1782,29
1783,29
1784,29
1785,29
1786,29
1787,29
1788,29
1708,29
1706,29
1593,29
1633,29
1622,29
1623,29
1624,29
1625,29
1626,29
1627,29
1628,29
1629,29
1630,29
1631,29
1632,29
1634,29
1648,29
1635,29
1637,29
1638,29
1639,29
1640,29
1641,29
1642,29
1643,29
1644,29
1645,29
1646,29
1621,29
1620,29
4626,29
1618,29
1594,29
1595,29
1596,29
1597,29
1598,29
1599,29
1600,29
4630,29
4629,29
4628,29
4627,29
1605,29
1606,29
1607,29
1609,29
1610,29
1611,29
1612,29
1613,29
1614,29
1615,29
1616,29
1617,29
1647,29
1649,29
1705,29
1690,29
1678,29
1680,29
1681,29
1682,29
1683,29
1684,29
1685,29
1686,29
1687,29
1688,29
1689,29
1691,29
1650,29
1692,29
1693,29
1694,29
1696,29
1697,29
1699,29
1700,29
1701,29
1702,29
1703,29
1704,29
1677,29
1676,29
1675,29
1674,29
1651,29
1652,29
1653,29
1654,29
1655,29
1656,29
1657,29
1658,29
1659,29
1660,29
1661,29
1662,29
1663,29
1664,29
1665,29
1666,29
1667,29
1668,29
1669,29
1670,29
1671,29
1672,29
1673,29
1366,29
4219,29
1056,29
1216,29
1209,29
1210,29
1211,29
1212,29
1213,29
1073,29
4702,29
1214,29
1071,29
1215,29
1217,29
1190,29
1218,29
1219,29
1220,29
1221,29
1222,29
1070,29
1069,29
1224,29
1225,29
1068,29
1074,29
1208,29
1075,29
1076,29
1084,29
1083,29
1193,29
1082,29
1194,29
1196,29
1197,29
1198,29
1199,29
1200,29
1201,29
1081,29
1202,29
1080,29
1363,29
1079,29
4695,29
1205,29
1078,29
1206,29
1077,29
1226,29
1227,29
1228,29
1057,29
1055,29
1054,29
1053,29
1244,29
1052,29
1245,29
1246,29
1247,29
1248,29
1249,29
1250,29
1251,29
1252,29
1253,29
1254,29
1255,29
1256,29
1051,29
1257,29
1258,29
1259,29
1109,29
1058,29
1229,29
1243,29
1230,29
1231,29
1232,29
1067,29
1233,29
1066,29
1234,29
1065,29
1235,29
1064,29
1237,29
1063,29
1238,29
1062,29
1239,29
1061,29
1240,29
1060,29
1241,29
1242,29
4703,29
1191,29
1189,29
1260,29
1139,29
1131,29
4700,29
1133,29
1134,29
1135,29
1136,29
1100,29
1099,29
1137,29
1138,29
1098,29
1188,29
1097,29
1140,29
1141,29
1142,29
1143,29
1144,29
1145,29
1146,29
1147,29
1148,29
1103,29
1104,29
1130,29
1129,29
1111,29
1112,29
1113,29
1108,29
1107,29
1114,29
1115,29
1116,29
1117,29
1106,29
1118,29
1119,29
1120,29
1121,29
1122,29
1123,29
1105,29
1125,29
1126,29
1127,29
1128,29
1149,29
1150,29
1151,29
4697,29
1172,29
1173,29
1090,29
1175,29
1176,29
1177,29
1089,29
1178,29
1179,29
1088,29
1180,29
1181,29
1182,29
1183,29
4701,29
1184,29
1086,29
1185,29
1186,29
1085,29
1187,29
4696,29
1169,29
1152,29
4698,29
1153,29
1154,29
1155,29
1156,29
1157,29
1158,29
1159,29
1160,29
1161,29
1162,29
1163,29
1096,29
1095,29
1094,29
1093,29
1164,29
1092,29
1165,29
1091,29
1166,29
4699,29
1049,29
1110,29
1261,29
4719,29
4675,29
4674,29
4718,29
4673,29
4672,29
4671,29
4670,29
4669,29
4720,29
4676,29
4721,29
4668,29
4667,29
4722,29
4666,29
4665,29
4664,29
4663,29
4717,29
4716,29
4661,29
4685,29
4710,29
4689,29
4711,29
4688,29
4687,29
4712,29
4713,29
4686,29
4684,29
4715,29
4683,29
4682,29
4681,29
4680,29
4679,29
4678,29
1262,29
4677,29
4662,29
4723,29
4709,29
1354,29
1348,29
1349,29
1350,29
4727,29
4728,29
1351,29
1352,29
1353,29
4729,29
4726,29
1355,29
1356,29
1357,29
1358,29
4656,29
4655,29
4654,29
1362,29
1347,29
1346,29
4724,29
1335,29
4660,29
4659,29
4658,29
4657,29
1332,29
1333,29
4725,29
1334,29
1336,29
1345,29
1337,29
1338,29
1339,29
1340,29
1341,29
1342,29
1343,29
1344,29
4690,29
4714,29
4705,29
1288,29
1278,29
4693,29
1048,29
4694,29
1047,29
1042,29
4707,29
1277,29
1276,29
1039,29
1275,29
1269,29
1274,29
1289,29
1040,29
1270,29
1292,29
1273,29
1041,29
1290,29
1271,29
1272,29
4692,29
1287,29
4704,29
4706,29
1281,29
1263,29
1282,29
1283,29
1264,29
4708,29
1284,29
1280,29
1285,29
1286,29
1265,29
1266,29
1291,29
1044,29
4691,29
1267,29
1036,29
1268,29
548,28
2378,28
3562,28
2156,28
224,28
17,28
2157,28
3126,28
541,28
3125,28
2576,28
2376,28
4530,28
3195,28
3143,28
3161,28
1367,28
2462,28
895,28
2454,28
79,28
176,28
4,28
179,28
2620,28
885,28
1124,28
1979,28
3176,28
2199,28
732,28
1984,28
699,28
3183,28
2593,28
964,28
200,28
1488,28
3574,28
1948,28
1101,28
73,28
686,28
13,28
3192,28
2362,28
3225,28
1881,28
501,28
500,28
1870,28
4490,28
2298,28
3088,28
646,28
1195,28
288,28
1559,28
1037,28
789,28
767,28
1854,28
655,28
2111,28
122,28
665,28
659,28
779,28
120,28
660,28
1797,28
477,28
2106,28
2105,28
2956,28
664,28
130,28
1192,28
2268,28
258,28
3223,28
1568,28
2662,28
1636,28
746,28
3524,28
359,28
2139,28
3235,28
2223,28
2393,28
3516,28
4525,28
922,28
4846,28
2274,28
3098,28
1874,28
3502,28
2539,28
62,28
1365,28
2980,28
2395,28
1952,27
1956,27
4406,27
1791,27
1930,27
1794,27
16,27
967,27
1004,27
1005,27
1851,27
1866,27
1876,27
943,27
77,27
1750,27
4605,27
2688,27
84,27
786,27
404,27
733,27
463,27
461,27
1279,27
424,27
3353,27
168,27
389,27
1527,27
785,27
739,27
2987,27
360,27
2136,27
344,27
4791,27
2093,27
2234,27
3291,27
3290,27
3288,27
3180,27
3186,27
2361,27
3189,27
3212,27
3213,27
539,27
3233,27
2400,27
2272,27
642,27
486,27
2414,27
3282,27
475,27
781,27
2275,27
807,27
1695,27
821,27
3563,27
282,27
3597,27
3513,27
1698,26
1293,26
42,26
3292,26
2242,26
2239,26
836,26
1871,26
2423,26
456,26
210,26
1204,26
446,26
66,26
70,26
71,26
1174,26
3169,26
3171,26
1798,26
169,26
3580,26
188,26
2595,26
1679,26
18,26
19,26
3224,26
3226,26
24,26
3568,26
1132,26
3173,26
3573,26
644,26
990,26
2453,26
3267,26
787,26
162,26
741,26
812,26
1236,26
803,26
2138,26
285,26
2159,26
734,26
4527,26
810,26
2163,26
770,26
1589,26
937,26
2095,26
85,26
1741,26
712,26
1050,26
1535,26
725,26
2092,26
206,25
989,25
3160,25
4604,25
2269,25
3572,25
800,25
1223,25
125,25
1560,25
2363,25
11,25
777,25
109,25
2107,25
118,25
3181,25
1207,25
455,25
4506,25
59,25
2167,25
834,25
2224,25
78,25
2238,25
2161,25
2464,25
67,25
2216,25
685,25
818,25
1792,25
3341,25
74,25
1608,25
2152,25
661,25
132,25
3000,25
4318,24
4752,24
4811,24
4987,24
4815,24
4528,24
4578,24
4450,24
4751,24
4452,24
4453,24
4750,24
4749,24
4858,24
2499,24
2893,24
195,24
778,24
773,24
753,24
710,24
709,24
616,24
508,24
2664,24
502,24
495,24
2713,24
459,24
2836,24
417,24
351,24
2938,24
334,24
333,24
286,24
278,24
3692,24
809,24
868,24
1009,24
2056,24
1763,24
1848,24
1542,24
1541,24
1965,24
2047,24
2048,24
2054,24
2055,24
1302,24
2266,24
1300,24
1299,24
1203,24
1167,24
1102,24
1072,24
1045,24
2162,24
2246,24
3691,24
2463,24
163,24
69,24
3450,24
3203,24
3211,24
31,24
3271,24
3222,24
3219,24
1303,23
1796,23
1304,23
2108,23
4582,23
4583,23
4585,23
4589,23
4814,23
1296,23
391,23
783,23
808,23
134,23
3174,23
72,23
1038,23
2165,23
2166,23
2240,23
2244,23
131,23
938,23
959,23
403,23
2564,23
204,23
1813,23
249,23
194,23
1725,23
2926,23
1544,23
1543,23
203,23
126,22
513,22
3456,22
2137,22
2057,22
3284,22
2135,22
670,22
3193,22
674,22
792,22
1847,22
1815,22
2227,22
2999,22
1960,22
1804,22
423,22
3145,22
1008,22
3286,22
464,22
3289,22
1955,22
3293,22
108,22
755,22
997,21
1802,21
2364,21
4483,21
4482,21
2357,21
302,21
3610,21
794,21
1006,21
2356,21
902,21
281,21
1619,21
2245,21
64,21
2247,21
4594,21
425,21
1987,21
380,21
15,21
1852,21
2565,21
2103,21
683,21
1944,21
341,21
1301,21
1873,21
4606,21
1811,20
2251,20
503,20
21,20
2146,20
362,20
199,20
1168,20
2287,20
3454,20
2,20
2109,20
1861,19
1920,19
4502,19
2256,19
2257,19
2258,19
4595,19
4580,19
4579,19
1919,19
2250,19
1817,19
1922,19
1923,19
1924,19
1925,19
1926,19
1849,19
3153,19
2259,19
2058,19
2059,19
1814,19
2061,19
2114,19
2062,19
1818,19
3626,19
4479,19
4478,19
2842,19
2841,19
2840,19
2839,19
2838,19
2837,19
3510,19
2723,19
2722,19
2721,19
2720,19
2719,19
2718,19
2716,19
2715,19
3509,19
2714,19
3508,19
3507,19
2894,19
2895,19
3570,19
3589,19
3003,19
3625,19
3001,19
2990,19
2947,19
2940,19
3624,19
2939,19
3588,19
2896,19
2929,19
2928,19
2927,19
3581,19
2900,19
2899,19
2898,19
2897,19
3506,19
3505,19
2609,19
4468,19
4458,19
4459,19
4460,19
4462,19
4463,19
4464,19
4466,19
4467,19
4469,19
4455,19
4470,19
4471,19
4472,19
4473,19
4474,19
4475,19
4476,19
4477,19
4456,19
4454,19
2566,19
2471,19
3065,19
2525,19
2524,19
2501,19
2500,19
2474,19
2473,19
3093,19
2470,19
2288,19
3452,19
2469,19
2468,19
2467,19
2360,19
3451,19
2290,19
2289,19
4465,19
1603,19
4760,19
837,19
4756,19
4757,19
4758,19
4759,19
4761,19
4762,19
771,19
4754,19
759,19
758,19
675,19
4816,19
4817,19
504,19
4755,19
4753,19
4838,19
1018,19
1025,19
1024,19
1023,19
1022,19
1020,19
1019,19
1017,19
1010,19
1016,19
1015,19
1014,19
1013,19
1012,19
1011,19
4837,19
4839,19
1087,19
4934,19
4928,19
4929,19
4930,19
4931,19
4932,19
4933,19
4935,19
170,19
4936,19
4937,19
4938,19
4939,19
25,19
4988,19
4927,19
183,19
4840,19
427,19
4841,19
4842,19
449,19
448,19
442,19
441,19
426,19
184,19
4859,19
382,19
338,19
336,19
335,19
250,19
1046,19
3298,19
1432,19
1490,19
1307,19
1309,19
1310,19
1311,19
1546,19
1313,19
1315,19
1316,19
1317,19
1601,19
1318,19
1602,19
1462,19
1545,19
1308,19
1464,19
1431,19
1298,19
1467,19
1360,19
1466,19
1465,19
1726,19
1463,19
1359,18
1385,18
1312,18
3623,18
494,18
2060,18
2475,18
752,18
830,18
2359,18
2466,18
1793,18
1961,18
1819,18
1170,18
2252,18
3190,18
1021,18
127,18
2063,18
1921,17
3504,17
817,17
34,17
1320,17
248,17
4997,17
2358,17
2261,17
3297,17
1370,17
1043,17
3571,17
1909,17
1314,17
760,16
420,16
1297,16
1917,16
2472,16
2717,16
196,16
1306,16
2563,16
3299,16
381,16
1321,16
348,16
2431,16
4486,16
2265,16
912,16
2263,16
804,16
2260,16
1816,16
4461,16
1319,16
4504,15
245,15
4586,15
4597,15
7,15
135,15
775,15
303,15
4633,15
757,15
242,15
174,15
1323,15
1959,15
3587,15
33,15
3004,14
386,14
1822,14
3155,14
385,14
3005,14
1823,14
3006,14
3511,14
3512,14
3002,14
1547,14
4989,14
28,14
253,14
137,14
139,14
4819,14
1026,14
1727,14
4488,14
2064,14
2065,14
2293,14
795,14
1942,14
1322,14
2067,14
2068,14
2069,14
2248,14
4813,14
2502,14
4457,14
1324,14
1325,14
430,14
1864,14
1031,14
451,14
4480,14
1030,14
1029,14
1027,14
506,14
617,14
2134,14
1820,13
1821,13
4485,13
1862,13
2070,13
58,13
1825,13
3295,13
3296,13
1007,13
1295,13
505,13
384,13
429,13
472,13
4451,13
671,13
754,13
751,13
844,12
244,12
247,12
3272,12
1326,12
1028,12
3294,12
353,12
1327,12
30,12
687,12
205,12
46,12
843,12
55,12
2253,12
4501,12
4500,12
833,12
2262,12
835,12
838,12
840,12
842,12
841,12
4998,12
3590,12
4027,11
3957,11
3956,11
3955,11
3954,11
845,11
3953,11
3952,11
3976,11
3951,11
3950,11
3949,11
839,11
3948,11
3947,11
3958,11
3959,11
3960,11
3961,11
3962,11
3963,11
3964,11
3965,11
3966,11
3967,11
3968,11
3969,11
3970,11
3971,11
3972,11
3973,11
3974,11
3946,11
3945,11
3944,11
3928,11
3914,11
3915,11
3916,11
3917,11
3918,11
3919,11
3920,11
3921,11
3922,11
3923,11
3924,11
3925,11
3926,11
3927,11
3929,11
3943,11
3930,11
3931,11
3932,11
814,11
3933,11
3934,11
3935,11
3936,11
3937,11
3938,11
3939,11
3940,11
3941,11
3942,11
3975,11
3978,11
3912,11
4029,11
4014,11
4015,11
4016,11
4017,11
4018,11
4019,11
4020,11
4021,11
4022,11
4023,11
4024,11
4025,11
4026,11
4028,11
4030,11
4012,11
4031,11
4032,11
4033,11
4034,11
4035,11
4037,11
4038,11
4039,11
4040,11
4041,11
4042,11
4043,11
4044,11
4045,11
4013,11
4011,11
3979,11
1171,11
3980,11
3981,11
3982,11
3983,11
3984,11
3985,11
3986,11
3989,11
3990,11
3991,11
3992,11
3993,11
3994,11
3995,11
3996,11
4010,11
1294,11
3997,11
3998,11
3999,11
4000,11
4001,11
4003,11
4004,11
4005,11
4006,11
1305,11
4007,11
4008,11
4009,11
3913,11
3911,11
1824,11
3827,11
3813,11
3814,11
3815,11
3816,11
3817,11
3818,11
3819,11
3820,11
3821,11
3822,11
3823,11
3824,11
3825,11
3826,11
3828,11
3811,11
3829,11
3830,11
3831,11
3832,11
3833,11
3834,11
3835,11
3836,11
3837,11
3838,11
3839,11
3840,11
3841,11
252,11
3812,11
3810,11
3910,11
44,11
3783,11
3784,11
3785,11
3786,11
3787,11
3788,11
3789,11
3790,11
3791,11
3792,11
3793,11
3794,11
3795,11
35,11
3796,11
3809,11
48,11
3797,11
3798,11
60,11
3799,11
3800,11
3801,11
3802,11
3803,11
3804,11
129,11
3805,11
3807,11
3808,11
3842,11
3843,11
3844,11
3894,11
3879,11
3880,11
3881,11
3882,11
3883,11
3884,11
3885,11
3886,11
3887,11
3888,11
3889,11
3890,11
3891,11
3892,11
3895,11
3845,11
3896,11
3897,11
3898,11
3900,11
4818,11
3901,11
3902,11
3903,11
3904,11
3905,11
3906,11
3907,11
3908,11
3909,11
3878,11
3877,11
3876,11
3875,11
3846,11
3847,11
3848,11
3849,11
3850,11
3851,11
3852,11
3853,11
3854,11
3855,11
3856,11
3857,11
3858,11
3859,11
3860,11
3861,11
3862,11
3863,11
3864,11
3865,11
3866,11
3867,11
3868,11
3869,11
3870,11
3871,11
3872,11
3873,11
3874,11
4046,11
3781,11
3770,11
3771,11
3756,11
3757,11
3758,11
3759,11
3762,11
3763,11
3764,11
3765,11
3766,11
3767,11
3768,11
3769,11
3772,11
3754,11
3773,11
3774,11
3775,11
3776,11
3777,11
3778,11
3779,11
3780,11
2101,11
1872,11
2264,11
1918,11
3755,11
3760,11
3753,11
3742,11
3736,11
3737,11
3752,11
3734,11
3738,11
3739,11
3733,11
3732,11
3740,11
3741,11
3744,11
3745,11
3746,11
3747,11
3782,11
3731,11
3007,11
3748,11
3749,11
3750,11
3751,11
3735,11
4487,10
4164,10
4175,10
4165,10
4167,10
4176,10
4177,10
4166,10
4174,10
4168,10
4169,10
4170,10
4171,10
4172,10
796,10
4173,10
4162,10
4163,10
4077,10
4161,10
4160,10
4145,10
4146,10
4147,10
2249,10
4148,10
4179,10
4150,10
4151,10
859,10
4152,10
4153,10
4154,10
4155,10
4156,10
4157,10
4158,10
4159,10
4178,10
4202,10
4180,10
761,10
4200,10
4201,10
4143,10
2292,10
4203,10
4204,10
4205,10
4206,10
452,10
1,10
419,10
398,10
3761,10
198,10
3503,10
3806,10
6,10
4199,10
2286,10
4198,10
4076,10
4181,10
4182,10
4183,10
4184,10
4185,10
4186,10
4187,10
4189,10
4197,10
4190,10
4191,10
4192,10
4193,10
4194,10
4195,10
4196,10
4144,10
4188,10
1826,10
4107,10
4090,10
4091,10
4066,10
4067,10
4068,10
4069,10
4070,10
4071,10
4072,10
4073,10
4074,10
1329,10
4078,10
4092,10
4075,10
4093,10
4094,10
4095,10
4096,10
4097,10
4098,10
4099,10
4100,10
4056,10
4101,10
4102,10
4103,10
4104,10
4105,10
4065,10
4064,10
1863,10
4059,10
4054,10
4053,10
4057,10
4052,10
4050,10
1571,10
4058,10
4049,10
4048,10
4047,10
4079,10
4080,10
4081,10
4082,10
4089,10
1859,10
4060,10
4083,10
1860,10
4061,10
4084,10
4062,10
4085,10
4086,10
4063,10
4087,10
4088,10
1387,10
4106,10
4055,10
4108,10
4131,10
4119,10
4120,10
4121,10
4124,10
4125,10
2066,10
4126,10
4127,10
4128,10
4129,10
4130,10
3977,10
4117,10
4132,10
4133,10
4134,10
4135,10
4136,10
4137,10
4138,10
4139,10
4140,10
4141,10
4142,10
4118,10
4123,10
4116,10
4111,10
4113,10
4115,10
4112,10
4114,10
4110,10
4109,10
2254,9
4051,9
5,9
3287,9
383,9
51,9
2284,9
4036,9
23,9
29,9
3743,9
440,9
4002,9
395,9
450,9
2465,9
3899,9
36,9
39,9
793,9
3893,9
3729,9
1328,9
3627,9
3327,8
3591,8
3330,8
3582,8
3310,8
3326,8
3325,8
3324,8
3331,8
3323,8
3322,8
254,8
3321,8
136,8
3309,8
3319,8
3316,8
3320,8
3315,8
3318,8
3314,8
3300,8
3301,8
3302,8
3453,8
3307,8
3317,8
3303,8
3304,8
3329,8
3730,8
3305,8
3306,8
3328,8
2241,8
3313,8
1033,8
654,8
304,8
4207,8
720,8
763,8
764,8
4481,8
1331,8
2291,8
4763,8
1035,8
1034,8
4764,8
1032,8
1433,8
4149,8
387,8
2243,8
618,8
2071,8
3988,7
3311,7
672,7
4611,7
1330,7
4503,7
138,7
1386,7
762,7
212,7
1059,7
2072,7
2255,6
3285,6
797,6
37,6
3308,6
756,6
128,6
246,6
140,6
4209,6
243,6
2591,6
1604,5
43,5
197,5
47,5
4210,5
22,5
53,5
4122,5
41,5
3332,5
3312,5
663,5
9,4
54,4
3987,4
337,4
26,4
1361,4
2285,4
141,4
251,4
673,4
1827,4
4208,4
52,3
56,3
1850,3
4612,3
3333,3
10,2
8,2
2100,2
45,2
40,2
3008,2
2294,2
133,2
2295,2
678,2
1927,2
49,2
65,2
428,1
676,1
677,1
1928,1
1929,1
142,1
38,1
50,1
4217,1
4211,1
4216,1
3334,1
798,1
4215,1
4214,1
453,1
4213,1
4212,1
3335,1
