celeb,n
2820,35
3227,35
3782,35
3699,34
3745,34
8968,32
9152,32
9256,32
1757,31
2114,31
4126,31
4262,31
4740,31
4887,31
4978,31
6568,31
9840,31
14,30
15,30
17,30
21,30
22,30
23,30
25,30
31,30
32,30
38,30
47,30
56,30
59,30
65,30
66,30
69,30
78,30
82,30
85,30
94,30
95,30
114,30
122,30
142,30
147,30
160,30
171,30
192,30
199,30
209,30
220,30
234,30
235,30
248,30
273,30
284,30
289,30
291,30
295,30
301,30
303,30
305,30
313,30
318,30
334,30
343,30
348,30
349,30
353,30
363,30
365,30
371,30
394,30
395,30
397,30
403,30
404,30
409,30
417,30
433,30
447,30
449,30
467,30
468,30
481,30
487,30
492,30
494,30
495,30
496,30
499,30
510,30
516,30
534,30
539,30
545,30
553,30
562,30
565,30
567,30
600,30
614,30
632,30
649,30
650,30
659,30
661,30
665,30
676,30
679,30
719,30
735,30
742,30
800,30
801,30
844,30
861,30
871,30
873,30
894,30
918,30
924,30
951,30
953,30
958,30
971,30
973,30
975,30
977,30
978,30
981,30
985,30
986,30
987,30
988,30
991,30
992,30
993,30
997,30
1003,30
1008,30
1011,30
1014,30
1018,30
1023,30
1025,30
1027,30
1031,30
1032,30
1033,30
1034,30
1035,30
1037,30
1043,30
1044,30
1050,30
1051,30
1054,30
1059,30
1061,30
1062,30
1066,30
1088,30
1089,30
1090,30
1092,30
1103,30
1113,30
1120,30
1128,30
1135,30
1136,30
1137,30
1140,30
1149,30
1151,30
1153,30
1154,30
1164,30
1170,30
1175,30
1180,30
1181,30
1187,30
1188,30
1194,30
1198,30
1201,30
1204,30
1209,30
1210,30
1213,30
1218,30
1221,30
1223,30
1224,30
1228,30
1231,30
1245,30
1246,30
1250,30
1258,30
1261,30
1264,30
1270,30
1272,30
1275,30
1279,30
1281,30
1287,30
1288,30
1289,30
1291,30
1293,30
1297,30
1301,30
1302,30
1303,30
1305,30
1306,30
1314,30
1318,30
1321,30
1322,30
1324,30
1326,30
1330,30
1335,30
1336,30
1337,30
1339,30
1341,30
1346,30
1348,30
1351,30
1356,30
1359,30
1361,30
1362,30
1368,30
1370,30
1371,30
1373,30
1377,30
1382,30
1383,30
1384,30
1389,30
1392,30
1393,30
1394,30
1395,30
1410,30
1411,30
1415,30
1420,30
1422,30
1423,30
1435,30
1439,30
1440,30
1443,30
1446,30
1447,30
1448,30
1454,30
1455,30
1467,30
1468,30
1469,30
1470,30
1471,30
1472,30
1474,30
1481,30
1488,30
1489,30
1490,30
1493,30
1496,30
1498,30
1499,30
1508,30
1513,30
1517,30
1519,30
1524,30
1531,30
1535,30
1537,30
1538,30
1542,30
1544,30
1549,30
1550,30
1559,30
1560,30
1565,30
1566,30
1568,30
1569,30
1574,30
1578,30
1580,30
1581,30
1582,30
1585,30
1587,30
1588,30
1589,30
1590,30
1591,30
1601,30
1603,30
1604,30
1607,30
1611,30
1614,30
1624,30
1625,30
1628,30
1629,30
1631,30
1633,30
1634,30
1639,30
1641,30
1642,30
1646,30
1648,30
1649,30
1651,30
1657,30
1660,30
1664,30
1672,30
1673,30
1675,30
1686,30
1689,30
1691,30
1696,30
1698,30
1700,30
1708,30
1711,30
1713,30
1714,30
1715,30
1722,30
1723,30
1725,30
1726,30
1731,30
1743,30
1744,30
1749,30
1755,30
1761,30
1770,30
1784,30
1793,30
1805,30
1807,30
1809,30
1810,30
1811,30
1812,30
1815,30
1817,30
1839,30
1840,30
1842,30
1844,30
1852,30
1854,30
1862,30
1871,30
1873,30
1874,30
1875,30
1877,30
1882,30
1884,30
1885,30
1886,30
1888,30
1895,30
1899,30
1903,30
1908,30
1912,30
1914,30
1916,30
1927,30
1929,30
1934,30
1936,30
1938,30
1944,30
1946,30
1947,30
1951,30
1956,30
1960,30
1962,30
1967,30
1977,30
1984,30
1985,30
1986,30
1990,30
1991,30
1993,30
1994,30
1996,30
1997,30
1998,30
1999,30
2002,30
2006,30
2011,30
2014,30
2015,30
2017,30
2019,30
2020,30
2026,30
2030,30
2031,30
2034,30
2044,30
2046,30
2054,30
2055,30
2061,30
2063,30
2065,30
2066,30
2067,30
2070,30
2072,30
2073,30
2078,30
2079,30
2083,30
2084,30
2086,30
2087,30
2095,30
2097,30
2101,30
2110,30
2111,30
2117,30
2119,30
2120,30
2122,30
2124,30
2125,30
2130,30
2134,30
2136,30
2141,30
2150,30
2153,30
2155,30
2156,30
2158,30
2160,30
2167,30
2168,30
2173,30
2174,30
2180,30
2182,30
2190,30
2193,30
2194,30
2195,30
2201,30
2202,30
2219,30
2221,30
2225,30
2231,30
2235,30
2236,30
2238,30
2239,30
2240,30
2242,30
2243,30
2245,30
2246,30
2249,30
2250,30
2253,30
2259,30
2261,30
2263,30
2270,30
2279,30
2288,30
2295,30
2296,30
2301,30
2303,30
2307,30
2309,30
2311,30
2314,30
2316,30
2318,30
2325,30
2331,30
2332,30
2334,30
2335,30
2337,30
2348,30
2349,30
2353,30
2373,30
2374,30
2393,30
2398,30
2406,30
2411,30
2416,30
2419,30
2425,30
2429,30
2433,30
2443,30
2445,30
2451,30
2461,30
2463,30
2464,30
2467,30
2471,30
2472,30
2483,30
2484,30
2496,30
2507,30
2509,30
2516,30
2518,30
2520,30
2522,30
2523,30
2524,30
2529,30
2533,30
2534,30
2537,30
2546,30
2547,30
2550,30
2562,30
2570,30
2572,30
2573,30
2574,30
2579,30
2580,30
2588,30
2599,30
2602,30
2603,30
2610,30
2611,30
2612,30
2613,30
2643,30
2758,30
2761,30
2762,30
2772,30
2779,30
2790,30
2791,30
2792,30
2793,30
2805,30
2808,30
2810,30
2813,30
2819,30
2823,30
2831,30
2837,30
2843,30
2844,30
2846,30
2847,30
2859,30
2860,30
2861,30
2863,30
2867,30
2870,30
2879,30
2880,30
2882,30
2883,30
2884,30
2887,30
2892,30
2897,30
2898,30
2899,30
2908,30
2909,30
2910,30
2914,30
2921,30
2924,30
2926,30
2930,30
2937,30
2938,30
2945,30
2952,30
2955,30
2957,30
2960,30
2965,30
2969,30
2972,30
2973,30
2981,30
2983,30
2984,30
2987,30
2996,30
3010,30
3014,30
3017,30
3020,30
3022,30
3024,30
3027,30
3028,30
3029,30
3033,30
3034,30
3035,30
3037,30
3040,30
3043,30
3047,30
3051,30
3052,30
3055,30
3056,30
3059,30
3067,30
3080,30
3081,30
3084,30
3090,30
3098,30
3111,30
3113,30
3117,30
3118,30
3119,30
3127,30
3129,30
3130,30
3134,30
3135,30
3140,30
3145,30
3148,30
3149,30
3157,30
3166,30
3167,30
3168,30
3175,30
3181,30
3182,30
3184,30
3185,30
3186,30
3188,30
3195,30
3198,30
3203,30
3205,30
3207,30
3211,30
3212,30
3214,30
3231,30
3238,30
3248,30
3255,30
3263,30
3270,30
3272,30
3278,30
3279,30
3280,30
3294,30
3304,30
3305,30
3312,30
3315,30
3316,30
3317,30
3324,30
3325,30
3328,30
3329,30
3330,30
3332,30
3336,30
3338,30
3356,30
3357,30
3364,30
3376,30
3377,30
3383,30
3386,30
3389,30
3397,30
3398,30
3400,30
3404,30
3407,30
3410,30
3413,30
3421,30
3431,30
3432,30
3436,30
3438,30
3440,30
3449,30
3465,30
3469,30
3475,30
3477,30
3478,30
3480,30
3485,30
3490,30
3491,30
3496,30
3500,30
3501,30
3504,30
3508,30
3521,30
3522,30
3524,30
3542,30
3546,30
3556,30
3562,30
3569,30
3575,30
3587,30
3600,30
3614,30
3619,30
3620,30
3623,30
3625,30
3641,30
3643,30
3648,30
3661,30
3664,30
3670,30
3678,30
3681,30
3696,30
3697,30
3701,30
3705,30
3706,30
3708,30
3714,30
3719,30
3725,30
3727,30
3730,30
3751,30
3755,30
3760,30
3762,30
3768,30
3788,30
3795,30
3808,30
3811,30
3817,30
3826,30
3835,30
3845,30
3846,30
3847,30
3853,30
3854,30
3857,30
3858,30
3859,30
3862,30
3864,30
3875,30
3880,30
3882,30
3886,30
3895,30
3896,30
3901,30
3911,30
3912,30
3915,30
3928,30
3929,30
3930,30
3941,30
3957,30
3959,30
3960,30
3962,30
3980,30
3981,30
3984,30
3986,30
3989,30
3993,30
3994,30
4014,30
4017,30
4027,30
4028,30
4030,30
4031,30
4035,30
4048,30
4049,30
4051,30
4054,30
4055,30
4061,30
4068,30
4070,30
4076,30
4077,30
4080,30
4087,30
4094,30
4099,30
4102,30
4110,30
4112,30
4114,30
4119,30
4125,30
4135,30
4136,30
4137,30
4138,30
4139,30
4141,30
4143,30
4146,30
4147,30
4149,30
4150,30
4151,30
4153,30
4154,30
4157,30
4161,30
4162,30
4163,30
4164,30
4165,30
4166,30
4168,30
4172,30
4174,30
4177,30
4181,30
4183,30
4190,30
4197,30
4204,30
4209,30
4210,30
4213,30
4219,30
4220,30
4221,30
4225,30
4236,30
4238,30
4242,30
4244,30
4245,30
4247,30
4251,30
4252,30
4255,30
4256,30
4257,30
4258,30
4261,30
4263,30
4265,30
4268,30
4276,30
4286,30
4288,30
4290,30
4292,30
4293,30
4302,30
4303,30
4304,30
4306,30
4308,30
4309,30
4310,30
4311,30
4312,30
4314,30
4315,30
4316,30
4321,30
4323,30
4326,30
4328,30
4334,30
4336,30
4338,30
4346,30
4352,30
4355,30
4357,30
4372,30
4373,30
4374,30
4388,30
4392,30
4393,30
4395,30
4407,30
4410,30
4414,30
4418,30
4419,30
4421,30
4423,30
4424,30
4431,30
4433,30
4435,30
4436,30
4437,30
4438,30
4439,30
4441,30
4446,30
4447,30
4448,30
4450,30
4453,30
4458,30
4460,30
4462,30
4465,30
4472,30
4473,30
4474,30
4478,30
4483,30
4487,30
4493,30
4496,30
4498,30
4511,30
4514,30
4516,30
4518,30
4521,30
4527,30
4532,30
4537,30
4539,30
4543,30
4547,30
4549,30
4551,30
4554,30
4555,30
4558,30
4560,30
4561,30
4562,30
4566,30
4571,30
4573,30
4577,30
4580,30
4582,30
4583,30
4593,30
4598,30
4600,30
4601,30
4602,30
4609,30
4610,30
4612,30
4620,30
4625,30
4628,30
4636,30
4637,30
4643,30
4647,30
4648,30
4650,30
4652,30
4664,30
4666,30
4669,30
4670,30
4671,30
4672,30
4686,30
4687,30
4691,30
4692,30
4693,30
4696,30
4697,30
4699,30
4701,30
4702,30
4706,30
4710,30
4712,30
4715,30
4717,30
4719,30
4720,30
4721,30
4722,30
4723,30
4724,30
4731,30
4741,30
4744,30
4747,30
4773,30
4782,30
4794,30
4795,30
4798,30
4801,30
4805,30
4808,30
4811,30
4814,30
4816,30
4819,30
4821,30
4824,30
4825,30
4828,30
4832,30
4834,30
4836,30
4842,30
4849,30
4852,30
4853,30
4860,30
4861,30
4863,30
4865,30
4872,30
4874,30
4876,30
4879,30
4884,30
4889,30
4891,30
4899,30
4905,30
4908,30
4910,30
4911,30
4913,30
4914,30
4916,30
4920,30
4923,30
4924,30
4931,30
4934,30
4936,30
4941,30
4943,30
4944,30
4945,30
4946,30
4950,30
4951,30
4953,30
4955,30
4959,30
4960,30
4962,30
4972,30
4973,30
4974,30
4975,30
4976,30
4981,30
4986,30
4987,30
4988,30
4991,30
4992,30
4996,30
4998,30
4999,30
5001,30
5007,30
5008,30
5018,30
5020,30
5024,30
5025,30
5027,30
5028,30
5029,30
5035,30
5040,30
5041,30
5042,30
5046,30
5047,30
5050,30
5061,30
5071,30
5072,30
5073,30
5078,30
5084,30
5086,30
5088,30
5092,30
5093,30
5094,30
5096,30
5100,30
5101,30
5113,30
5120,30
5122,30
5124,30
5125,30
5126,30
5127,30
5128,30
5131,30
5132,30
5133,30
5135,30
5138,30
5139,30
5140,30
5142,30
5144,30
5145,30
5146,30
5147,30
5148,30
5151,30
5153,30
5157,30
5158,30
5159,30
5161,30
5165,30
5169,30
5170,30
5173,30
5176,30
5178,30
5180,30
5181,30
5182,30
5185,30
5187,30
5189,30
5190,30
5191,30
5193,30
5195,30
5198,30
5199,30
5200,30
5202,30
5204,30
5207,30
5210,30
5218,30
5221,30
5222,30
5223,30
5224,30
5225,30
5226,30
5228,30
5234,30
5235,30
5238,30
5239,30
5240,30
5242,30
5243,30
5246,30
5247,30
5250,30
5252,30
5253,30
5254,30
5256,30
5260,30
5262,30
5263,30
5264,30
5272,30
5273,30
5274,30
5276,30
5281,30
5283,30
5287,30
5291,30
5293,30
5298,30
5301,30
5303,30
5310,30
5311,30
5313,30
5318,30
5320,30
5321,30
5325,30
5326,30
5328,30
5329,30
5334,30
5338,30
5340,30
5341,30
5342,30
5344,30
5346,30
5350,30
5353,30
5354,30
5361,30
5365,30
5369,30
5370,30
5375,30
5382,30
5386,30
5391,30
5394,30
5407,30
5410,30
5414,30
5415,30
5416,30
5418,30
5423,30
5426,30
5427,30
5428,30
5431,30
5433,30
5444,30
5446,30
5447,30
5449,30
5450,30
5451,30
5452,30
5457,30
5459,30
5464,30
5469,30
5471,30
5472,30
5473,30
5474,30
5479,30
5482,30
5485,30
5488,30
5489,30
5491,30
5494,30
5495,30
5504,30
5507,30
5508,30
5509,30
5510,30
5512,30
5519,30
5520,30
5529,30
5530,30
5532,30
5536,30
5537,30
5539,30
5543,30
5544,30
5545,30
5549,30
5551,30
5552,30
5563,30
5566,30
5567,30
5569,30
5570,30
5578,30
5581,30
5582,30
5585,30
5609,30
5611,30
5613,30
5620,30
5625,30
5635,30
5638,30
5640,30
5656,30
5663,30
5672,30
5676,30
5679,30
5688,30
5694,30
5696,30
5702,30
5703,30
5704,30
5705,30
5706,30
5715,30
5729,30
5732,30
5747,30
5748,30
5750,30
5760,30
5765,30
5768,30
5770,30
5774,30
5775,30
5780,30
5784,30
5786,30
5787,30
5794,30
5799,30
5805,30
5815,30
5827,30
5829,30
5833,30
5840,30
5843,30
5866,30
5876,30
5879,30
5883,30
5888,30
5896,30
5897,30
5901,30
5902,30
5903,30
5905,30
5911,30
5921,30
5922,30
5928,30
5932,30
5938,30
5941,30
5946,30
5951,30
5953,30
5960,30
5966,30
5982,30
5986,30
5987,30
6002,30
6005,30
6009,30
6012,30
6023,30
6024,30
6025,30
6031,30
6036,30
6042,30
6043,30
6044,30
6046,30
6058,30
6059,30
6065,30
6066,30
6074,30
6076,30
6077,30
6079,30
6080,30
6081,30
6082,30
6087,30
6088,30
6090,30
6100,30
6108,30
6110,30
6112,30
6119,30
6127,30
6128,30
6134,30
6135,30
6136,30
6137,30
6141,30
6142,30
6143,30
6145,30
6147,30
6151,30
6152,30
6155,30
6159,30
6161,30
6162,30
6163,30
6164,30
6165,30
6166,30
6172,30
6177,30
6180,30
6181,30
6182,30
6183,30
6184,30
6185,30
6187,30
6188,30
6190,30
6191,30
6194,30
6195,30
6198,30
6199,30
6200,30
6202,30
6204,30
6207,30
6214,30
6219,30
6225,30
6230,30
6231,30
6232,30
6235,30
6236,30
6241,30
6256,30
6262,30
6263,30
6266,30
6267,30
6280,30
6282,30
6283,30
6284,30
6286,30
6288,30
6290,30
6291,30
6292,30
6296,30
6298,30
6299,30
6300,30
6301,30
6305,30
6308,30
6311,30
6314,30
6316,30
6318,30
6320,30
6322,30
6324,30
6325,30
6327,30
6330,30
6334,30
6335,30
6337,30
6339,30
6340,30
6343,30
6344,30
6346,30
6351,30
6353,30
6354,30
6355,30
6359,30
6361,30
6363,30
6364,30
6365,30
6367,30
6368,30
6369,30
6370,30
6371,30
6385,30
6386,30
6387,30
6394,30
6397,30
6398,30
6399,30
6400,30
6403,30
6404,30
6407,30
6411,30
6412,30
6415,30
6417,30
6418,30
6420,30
6421,30
6422,30
6424,30
6427,30
6429,30
6430,30
6438,30
6439,30
6440,30
6443,30
6447,30
6449,30
6452,30
6454,30
6458,30
6461,30
6472,30
6474,30
6482,30
6483,30
6492,30
6494,30
6502,30
6524,30
6532,30
6536,30
6543,30
6546,30
6547,30
6548,30
6555,30
6556,30
6558,30
6562,30
6563,30
6565,30
6567,30
6574,30
6575,30
6576,30
6583,30
6585,30
6596,30
6603,30
6614,30
6624,30
6628,30
6631,30
6633,30
6637,30
6642,30
6645,30
6648,30
6650,30
6657,30
6658,30
6662,30
6665,30
6672,30
6675,30
6676,30
6677,30
6679,30
6680,30
6681,30
6682,30
6683,30
6688,30
6691,30
6695,30
6696,30
6702,30
6703,30
6704,30
6705,30
6708,30
6714,30
6718,30
6719,30
6725,30
6726,30
6727,30
6736,30
6741,30
6745,30
6746,30
6751,30
6789,30
6792,30
6802,30
6803,30
6806,30
6809,30
6811,30
6814,30
6823,30
6824,30
6844,30
6846,30
6851,30
6857,30
6858,30
6860,30
6864,30
6876,30
6877,30
6878,30
6886,30
6893,30
6894,30
6914,30
6920,30
6921,30
6922,30
6928,30
6936,30
6947,30
6952,30
6955,30
6956,30
6958,30
6973,30
6986,30
6987,30
6988,30
6989,30
6992,30
6994,30
6995,30
6997,30
6999,30
7001,30
7002,30
7003,30
7004,30
7013,30
7066,30
7067,30
7070,30
7071,30
7072,30
7073,30
7074,30
7075,30
7081,30
7083,30
7086,30
7087,30
7094,30
7095,30
7114,30
7119,30
7120,30
7124,30
7126,30
7127,30
7131,30
7133,30
7138,30
7142,30
7143,30
7145,30
7151,30
7153,30
7154,30
7156,30
7158,30
7159,30
7165,30
7174,30
7178,30
7180,30
7186,30
7187,30
7192,30
7193,30
7195,30
7200,30
7201,30
7203,30
7206,30
7209,30
7222,30
7226,30
7228,30
7233,30
7237,30
7238,30
7240,30
7243,30
7244,30
7245,30
7246,30
7256,30
7260,30
7261,30
7265,30
7271,30
7275,30
7282,30
7286,30
7294,30
7302,30
7307,30
7309,30
7315,30
7317,30
7318,30
7320,30
7331,30
7335,30
7336,30
7338,30
7346,30
7348,30
7349,30
7350,30
7353,30
7354,30
7358,30
7360,30
7361,30
7362,30
7367,30
7369,30
7371,30
7378,30
7384,30
7386,30
7392,30
7395,30
7396,30
7397,30
7399,30
7406,30
7407,30
7408,30
7409,30
7418,30
7422,30
7423,30
7424,30
7426,30
7427,30
7429,30
7438,30
7439,30
7443,30
7449,30
7450,30
7460,30
7467,30
7475,30
7488,30
7499,30
7506,30
7510,30
7513,30
7516,30
7519,30
7524,30
7533,30
7541,30
7548,30
7552,30
7567,30
7569,30
7571,30
7573,30
7596,30
7607,30
7611,30
7613,30
7632,30
7641,30
7651,30
7673,30
7680,30
7707,30
7716,30
7719,30
7725,30
7743,30
7755,30
7756,30
7760,30
7764,30
7768,30
7786,30
7796,30
7824,30
7826,30
7845,30
7850,30
7866,30
7867,30
7881,30
7883,30
7901,30
7910,30
7921,30
7923,30
7924,30
7932,30
8011,30
8023,30
8028,30
8032,30
8045,30
8072,30
8089,30
8098,30
8112,30
8121,30
8127,30
8148,30
8151,30
8164,30
8189,30
8195,30
8208,30
8241,30
8245,30
8247,30
8275,30
8278,30
8286,30
8288,30
8313,30
8341,30
8355,30
8365,30
8372,30
8374,30
8376,30
8379,30
8380,30
8385,30
8386,30
8390,30
8392,30
8393,30
8395,30
8406,30
8412,30
8415,30
8419,30
8420,30
8424,30
8427,30
8428,30
8430,30
8431,30
8440,30
8443,30
8446,30
8448,30
8454,30
8457,30
8460,30
8468,30
8469,30
8470,30
8471,30
8480,30
8482,30
8485,30
8494,30
8495,30
8496,30
8498,30
8499,30
8500,30
8501,30
8504,30
8506,30
8511,30
8513,30
8514,30
8515,30
8518,30
8519,30
8520,30
8521,30
8528,30
8529,30
8546,30
8547,30
8549,30
8551,30
8558,30
8560,30
8562,30
8563,30
8564,30
8566,30
8570,30
8572,30
8578,30
8586,30
8597,30
8602,30
8609,30
8611,30
8614,30
8618,30
8621,30
8625,30
8626,30
8627,30
8630,30
8632,30
8636,30
8638,30
8641,30
8642,30
8643,30
8644,30
8646,30
8648,30
8654,30
8656,30
8657,30
8659,30
8660,30
8663,30
8664,30
8667,30
8672,30
8676,30
8677,30
8679,30
8682,30
8685,30
8692,30
8693,30
8701,30
8702,30
8704,30
8705,30
8706,30
8707,30
8708,30
8709,30
8710,30
8712,30
8715,30
8717,30
8721,30
8722,30
8723,30
8726,30
8727,30
8728,30
8733,30
8736,30
8739,30
8742,30
8746,30
8747,30
8748,30
8749,30
8757,30
8761,30
8770,30
8771,30
8774,30
8776,30
8777,30
8779,30
8783,30
8785,30
8786,30
8787,30
8788,30
8789,30
8793,30
8796,30
8798,30
8799,30
8803,30
8807,30
8810,30
8812,30
8817,30
8818,30
8820,30
8822,30
8825,30
8826,30
8827,30
8831,30
8832,30
8833,30
8834,30
8842,30
8845,30
8847,30
8850,30
8853,30
8854,30
8856,30
8858,30
8860,30
8861,30
8867,30
8868,30
8875,30
8876,30
8878,30
8879,30
8880,30
8882,30
8887,30
8891,30
8896,30
8898,30
8904,30
8905,30
8909,30
8910,30
8912,30
8914,30
8916,30
8918,30
8926,30
8928,30
8930,30
8931,30
8932,30
8933,30
8936,30
8939,30
8940,30
8942,30
8943,30
8944,30
8945,30
8946,30
8947,30
8951,30
8954,30
8956,30
8957,30
8960,30
8962,30
8963,30
8964,30
8965,30
8966,30
8967,30
8971,30
8972,30
8974,30
8979,30
8984,30
8985,30
8987,30
8989,30
9001,30
9006,30
9010,30
9011,30
9013,30
9014,30
9017,30
9020,30
9023,30
9024,30
9026,30
9027,30
9028,30
9031,30
9039,30
9040,30
9041,30
9047,30
9054,30
9056,30
9057,30
9065,30
9073,30
9079,30
9084,30
9086,30
9087,30
9090,30
9091,30
9098,30
9102,30
9106,30
9114,30
9116,30
9119,30
9123,30
9128,30
9135,30
9137,30
9138,30
9144,30
9149,30
9150,30
9151,30
9155,30
9156,30
9158,30
9162,30
9165,30
9166,30
9168,30
9176,30
9177,30
9178,30
9179,30
9183,30
9184,30
9187,30
9192,30
9194,30
9198,30
9206,30
9210,30
9211,30
9213,30
9240,30
9245,30
9246,30
9275,30
9276,30
9277,30
9288,30
9290,30
9297,30
9302,30
9315,30
9341,30
9362,30
9401,30
9456,30
9533,30
9542,30
9570,30
9601,30
9610,30
9646,30
9669,30
9672,30
9678,30
9680,30
9682,30
9685,30
9687,30
9689,30
9693,30
9697,30
9698,30
9700,30
9701,30
9705,30
9711,30
9712,30
9713,30
9714,30
9718,30
9719,30
9720,30
9722,30
9728,30
9729,30
9730,30
9731,30
9733,30
9737,30
9739,30
9742,30
9755,30
9758,30
9761,30
9768,30
9769,30
9787,30
9789,30
9790,30
9794,30
9797,30
9798,30
9807,30
9808,30
9810,30
9812,30
9818,30
9821,30
9830,30
9841,30
9843,30
9848,30
9850,30
9864,30
9874,30
9878,30
9886,30
9902,30
9910,30
9915,30
9917,30
9918,30
9921,30
9923,30
9924,30
9926,30
9927,30
9929,30
9935,30
9944,30
9945,30
9946,30
9950,30
9962,30
9965,30
9967,30
9979,30
9983,30
9984,30
9986,30
9987,30
10000,30
10001,30
10003,30
10006,30
10008,30
10010,30
10014,30
10015,30
10016,30
10021,30
10023,30
10025,30
10028,30
10029,30
10032,30
10033,30
10036,30
10042,30
10044,30
10047,30
10050,30
10055,30
10059,30
10060,30
10062,30
10070,30
10071,30
10073,30
10077,30
10080,30
10082,30
10083,30
10085,30
10086,30
10087,30
10089,30
10090,30
10093,30
10095,30
10096,30
10102,30
10108,30
10111,30
10117,30
10127,30
10130,30
10132,30
10134,30
10135,30
10143,30
10144,30
10149,30
10156,30
10157,30
10159,30
10160,30
10163,30
10167,30
10173,30
10174,30
10175,30
10176,30
1,29
55,29
61,29
64,29
79,29
81,29
89,29
101,29
103,29
104,29
116,29
121,29
126,29
132,29
145,29
146,29
153,29
155,29
157,29
203,29
206,29
226,29
239,29
247,29
250,29
251,29
256,29
257,29
259,29
260,29
272,29
276,29
278,29
290,29
320,29
323,29
328,29
338,29
358,29
359,29
361,29
370,29
373,29
374,29
376,29
382,29
386,29
389,29
393,29
412,29
416,29
423,29
438,29
441,29
445,29
446,29
458,29
460,29
462,29
463,29
466,29
471,29
475,29
476,29
483,29
508,29
524,29
547,29
577,29
578,29
587,29
592,29
594,29
599,29
608,29
612,29
631,29
647,29
657,29
671,29
674,29
710,29
727,29
740,29
745,29
758,29
772,29
775,29
776,29
779,29
782,29
783,29
784,29
798,29
818,29
826,29
846,29
851,29
863,29
886,29
901,29
904,29
943,29
947,29
955,29
961,29
965,29
984,29
999,29
1026,29
1041,29
1077,29
1115,29
1145,29
1146,29
1147,29
1156,29
1157,29
1161,29
1169,29
1207,29
1220,29
1230,29
1237,29
1239,29
1259,29
1352,29
1523,29
1529,29
1533,29
1558,29
1572,29
1577,29
1583,29
1728,29
1747,29
1760,29
1821,29
1835,29
1890,29
1900,29
2115,29
2154,29
2178,29
2213,29
2257,29
2260,29
2268,29
2283,29
2289,29
2290,29
2297,29
2304,29
2315,29
2321,29
2368,29
2407,29
2448,29
2491,29
2498,29
2500,29
2545,29
2576,29
2661,29
2737,29
2795,29
2796,29
2797,29
2814,29
2821,29
2828,29
2832,29
2836,29
2857,29
2858,29
2864,29
2866,29
2888,29
2891,29
2913,29
2918,29
2929,29
2956,29
2974,29
2979,29
2980,29
2985,29
2991,29
2999,29
3000,29
3016,29
3023,29
3031,29
3046,29
3050,29
3060,29
3070,29
3078,29
3092,29
3095,29
3097,29
3147,29
3151,29
3155,29
3172,29
3193,29
3208,29
3216,29
3237,29
3239,29
3246,29
3247,29
3268,29
3298,29
3302,29
3340,29
3347,29
3350,29
3367,29
3402,29
3439,29
3468,29
3473,29
3484,29
3489,29
3507,29
3511,29
3527,29
3539,29
3540,29
3547,29
3557,29
3559,29
3568,29
3578,29
3597,29
3605,29
3628,29
3639,29
3698,29
3739,29
3744,29
3761,29
3771,29
3779,29
3781,29
3791,29
3799,29
3801,29
3802,29
3805,29
3806,29
3823,29
3839,29
3868,29
3869,29
3870,29
3907,29
3908,29
3916,29
3919,29
3920,29
3923,29
3943,29
3951,29
3961,29
3983,29
3988,29
4004,29
4038,29
4045,29
4053,29
4058,29
4060,29
4618,29
4663,29
4745,29
4810,29
4847,29
4864,29
5039,29
5069,29
5540,29
5579,29
5584,29
5590,29
5600,29
5614,29
5622,29
5637,29
5639,29
5648,29
5650,29
5658,29
5662,29
5670,29
5677,29
5718,29
5759,29
5788,29
5807,29
5809,29
5824,29
5884,29
5916,29
5918,29
5927,29
5929,29
5956,29
5964,29
5968,29
5978,29
5998,29
6000,29
6016,29
6030,29
6050,29
6063,29
6089,29
6094,29
6096,29
6210,29
6211,29
6238,29
6247,29
6319,29
6352,29
6376,29
6446,29
6470,29
6479,29
6509,29
6515,29
6551,29
6630,29
6663,29
6673,29
6684,29
6685,29
6709,29
6946,29
6949,29
6950,29
6971,29
6998,29
7012,29
7022,29
7042,29
7044,29
7115,29
7128,29
7137,29
7149,29
7167,29
7169,29
7172,29
7175,29
7177,29
7181,29
7220,29
7236,29
7274,29
7276,29
7283,29
7300,29
7306,29
7308,29
7325,29
7330,29
7334,29
7339,29
7356,29
7400,29
7411,29
7413,29
7468,29
7471,29
7479,29
7480,29
7483,29
7502,29
7503,29
7504,29
7507,29
7508,29
7511,29
7532,29
7534,29
7535,29
7556,29
7570,29
7574,29
7575,29
7589,29
7624,29
7630,29
7634,29
7636,29
7647,29
7657,29
7672,29
7678,29
7679,29
7691,29
7695,29
7712,29
7724,29
7766,29
7773,29
7775,29
7798,29
7802,29
7816,29
7821,29
7855,29
7857,29
7874,29
7876,29
7878,29
7888,29
7900,29
7904,29
7928,29
7946,29
7963,29
7968,29
7985,29
7986,29
7988,29
7990,29
7995,29
8009,29
8024,29
8041,29
8058,29
8073,29
8075,29
8080,29
8087,29
8088,29
8091,29
8101,29
8123,29
8141,29
8155,29
8158,29
8172,29
8173,29
8184,29
8190,29
8231,29
8250,29
8271,29
8290,29
8332,29
8339,29
8346,29
8351,29
8352,29
8493,29
8857,29
8894,29
9007,29
9199,29
9264,29
9591,29
9686,29
9690,29
9692,29
9703,29
9715,29
9725,29
9732,29
9772,29
9784,29
9791,29
9795,29
9802,29
9832,29
9854,29
9857,29
9859,29
9934,29
9937,29
9988,29
10054,29
10056,29
10072,29
10084,29
10118,29
10125,29
10142,29
10158,29
49,28
68,28
80,28
87,28
96,28
97,28
100,28
107,28
108,28
113,28
128,28
130,28
138,28
143,28
174,28
176,28
191,28
198,28
204,28
207,28
214,28
222,28
230,28
265,28
306,28
311,28
317,28
322,28
327,28
384,28
388,28
413,28
419,28
425,28
436,28
439,28
442,28
457,28
461,28
480,28
486,28
515,28
523,28
527,28
542,28
555,28
557,28
569,28
573,28
574,28
593,28
598,28
603,28
604,28
658,28
675,28
677,28
706,28
731,28
733,28
787,28
815,28
843,28
868,28
879,28
907,28
923,28
928,28
940,28
944,28
949,28
1006,28
1016,28
1486,28
1579,28
1599,28
1906,28
1949,28
2382,28
2389,28
2414,28
2510,28
2542,28
2685,28
2689,28
2707,28
2724,28
2726,28
2804,28
2822,28
2840,28
2849,28
2935,28
2963,28
2988,28
3006,28
3133,28
3154,28
3170,28
3353,28
3395,28
3464,28
3466,28
3472,28
3494,28
3497,28
3528,28
3530,28
3532,28
3555,28
3607,28
3653,28
3665,28
3685,28
3753,28
3772,28
3792,28
3872,28
3999,28
4023,28
4041,28
5091,28
5597,28
5617,28
5630,28
5666,28
5698,28
5734,28
5793,28
5910,28
5914,28
5933,28
5937,28
5942,28
5943,28
5985,28
6048,28
6083,28
6109,28
6153,28
6530,28
6735,28
6744,28
7025,28
7038,28
7046,28
7048,28
7053,28
7076,28
7101,28
7170,28
7183,28
7184,28
7211,28
7252,28
7297,28
7298,28
7314,28
7357,28
7381,28
7435,28
7543,28
7563,28
7572,28
7576,28
7578,28
7619,28
7670,28
7676,28
7684,28
7685,28
7722,28
7754,28
7782,28
7820,28
7859,28
7875,28
7877,28
7894,28
7950,28
7970,28
7989,28
7998,28
8015,28
8016,28
8018,28
8033,28
8054,28
8077,28
8086,28
8100,28
8137,28
8150,28
8199,28
8200,28
8216,28
8221,28
8224,28
8230,28
8249,28
8251,28
8280,28
8294,28
8324,28
8952,28
9190,28
9741,28
9748,28
9775,28
9866,28
9883,28
9884,28
10057,28
10100,28
10103,28
10113,28
118,27
124,27
133,27
135,27
140,27
180,27
190,27
205,27
262,27
263,27
292,27
335,27
351,27
375,27
380,27
387,27
448,27
459,27
464,27
485,27
491,27
505,27
518,27
521,27
576,27
620,27
651,27
669,27
678,27
688,27
702,27
764,27
768,27
769,27
770,27
788,27
806,27
835,27
859,27
867,27
889,27
909,27
916,27
919,27
1005,27
1253,27
1613,27
1780,27
2237,27
2615,27
2728,27
2890,27
2928,27
3021,27
3068,27
3204,27
3318,27
3510,27
3513,27
3531,27
3536,27
3702,27
3963,27
4064,27
4728,27
5594,27
5601,27
5689,27
5716,27
5781,27
5795,27
5828,27
5915,27
5948,27
7021,27
7026,27
7031,27
7058,27
7129,27
7173,27
7210,27
7312,27
7343,27
7363,27
7539,27
7554,27
7568,27
7580,27
7594,27
7612,27
7617,27
7633,27
7665,27
7666,27
7709,27
7777,27
7783,27
7788,27
7819,27
7862,27
7908,27
7934,27
7958,27
7961,27
7965,27
7975,27
7976,27
7993,27
8020,27
8021,27
8070,27
8115,27
8129,27
8133,27
8174,27
8191,27
8206,27
8212,27
8222,27
8252,27
8312,27
8342,27
8725,27
9230,27
9746,27
8,26
27,26
34,26
123,26
125,26
139,26
163,26
172,26
186,26
213,26
215,26
240,26
261,26
330,26
331,26
561,26
563,26
580,26
621,26
622,26
627,26
655,26
686,26
694,26
730,26
767,26
794,26
796,26
814,26
842,26
849,26
858,26
869,26
876,26
1196,26
2023,26
2674,26
2678,26
2683,26
2701,26
2706,26
2716,26
3106,26
3213,26
3221,26
3516,26
3593,26
3807,26
4243,26
4385,26
4430,26
5655,26
5700,26
5728,26
5917,26
5973,26
6086,26
6168,26
6260,26
6730,26
6791,26
6816,26
7054,26
7059,26
7179,26
7329,26
7337,26
7398,26
7421,26
7484,26
7498,26
7561,26
7565,26
7669,26
7774,26
7789,26
7794,26
7795,26
7827,26
7848,26
7864,26
7915,26
7937,26
7967,26
8076,26
8126,26
8188,26
8274,26
8330,26
8345,26
8354,26
8371,26
8400,26
8429,26
8449,26
8637,26
8778,26
9171,26
9203,26
9350,26
9464,26
9472,26
9529,26
9736,26
9764,26
10129,26
3,25
12,25
39,25
58,25
98,25
110,25
148,25
156,25
158,25
167,25
170,25
258,25
279,25
288,25
357,25
364,25
385,25
391,25
410,25
420,25
482,25
528,25
548,25
549,25
583,25
584,25
646,25
654,25
689,25
693,25
724,25
739,25
750,25
759,25
774,25
780,25
797,25
804,25
825,25
831,25
839,25
881,25
895,25
896,25
931,25
939,25
945,25
952,25
960,25
1002,25
1022,25
1046,25
1068,25
1081,25
1171,25
1212,25
1240,25
1263,25
1313,25
1390,25
1425,25
1452,25
1485,25
1520,25
1534,25
1562,25
1630,25
1645,25
1650,25
1667,25
1674,25
1676,25
1684,25
1699,25
1781,25
1794,25
1841,25
1894,25
1920,25
1940,25
1942,25
1978,25
2010,25
2013,25
2033,25
2037,25
2099,25
2116,25
2129,25
2146,25
2152,25
2163,25
2176,25
2177,25
2179,25
2200,25
2208,25
2226,25
2278,25
2306,25
2336,25
2339,25
2355,25
2362,25
2379,25
2400,25
2418,25
2424,25
2432,25
2457,25
2495,25
2505,25
2526,25
2535,25
2577,25
2619,25
2625,25
2642,25
2652,25
2681,25
2703,25
2729,25
2736,25
2745,25
2748,25
2757,25
2776,25
2780,25
2782,25
2807,25
2841,25
2845,25
2856,25
2869,25
2902,25
2912,25
2920,25
2946,25
2948,25
2953,25
2970,25
2990,25
2998,25
3045,25
3048,25
3079,25
3125,25
3126,25
3158,25
3161,25
3173,25
3180,25
3190,25
3229,25
3236,25
3249,25
3250,25
3303,25
3351,25
3428,25
3435,25
3463,25
3518,25
3551,25
3565,25
3566,25
3624,25
3638,25
3676,25
3687,25
3855,25
3954,25
3974,25
3979,25
4044,25
4069,25
4078,25
4124,25
4148,25
4223,25
4301,25
4330,25
4341,25
4356,25
4368,25
4371,25
4387,25
4394,25
4403,25
4412,25
4422,25
4427,25
4442,25
4449,25
4455,25
4485,25
4504,25
4525,25
4530,25
4565,25
4567,25
4597,25
4624,25
4713,25
4755,25
4982,25
4985,25
5175,25
5179,25
5184,25
5194,25
5197,25
5219,25
5245,25
5248,25
5279,25
5296,25
5327,25
5345,25
5458,25
5511,25
5602,25
5626,25
5631,25
5634,25
5657,25
5660,25
5664,25
5665,25
5695,25
5745,25
5758,25
5806,25
5813,25
5842,25
5848,25
5849,25
5877,25
5899,25
5930,25
5935,25
5950,25
5989,25
6007,25
6038,25
6045,25
6099,25
6106,25
6221,25
6381,25
6435,25
6465,25
6476,25
6501,25
6510,25
6621,25
6674,25
6762,25
6904,25
6990,25
7009,25
7099,25
7150,25
7227,25
7234,25
7239,25
7270,25
7355,25
7383,25
7417,25
7428,25
7433,25
7469,25
7493,25
7586,25
7598,25
7602,25
7677,25
7690,25
7726,25
7751,25
7770,25
7776,25
7858,25
7860,25
7865,25
7869,25
7880,25
7897,25
7899,25
7902,25
7920,25
7930,25
7939,25
7957,25
8092,25
8111,25
8154,25
8166,25
8306,25
8335,25
8343,25
8347,25
8377,25
8450,25
8474,25
8481,25
8536,25
8538,25
8548,25
8552,25
8610,25
8683,25
8828,25
8844,25
8873,25
8886,25
8919,25
9059,25
9067,25
9074,25
9096,25
9129,25
9133,25
9153,25
9163,25
9181,25
9269,25
9286,25
9295,25
9314,25
9319,25
9347,25
9352,25
9357,25
9398,25
9435,25
9448,25
9463,25
9584,25
9585,25
9600,25
9608,25
9616,25
9617,25
9657,25
9661,25
9683,25
9754,25
9786,25
9827,25
9885,25
9977,25
9985,25
9994,25
10045,25
10112,25
10119,25
10136,25
10162,25
10164,25
6,24
7,24
46,24
48,24
52,24
67,24
73,24
86,24
106,24
117,24
119,24
129,24
137,24
165,24
173,24
195,24
218,24
264,24
415,24
422,24
427,24
489,24
500,24
530,24
596,24
643,24
644,24
652,24
666,24
718,24
744,24
749,24
756,24
819,24
834,24
874,24
885,24
898,24
915,24
1048,24
1056,24
1125,24
1150,24
1158,24
1173,24
1211,24
1225,24
1243,24
1312,24
1340,24
1358,24
1405,24
1437,24
1445,24
1473,24
1475,24
1476,24
1480,24
1483,24
1638,24
1662,24
1739,24
1754,24
1773,24
1799,24
1819,24
1820,24
1867,24
1887,24
1905,24
1915,24
1925,24
1943,24
1963,24
1982,24
2001,24
2047,24
2064,24
2081,24
2113,24
2170,24
2175,24
2185,24
2192,24
2215,24
2218,24
2284,24
2324,24
2391,24
2408,24
2480,24
2578,24
2587,24
2593,24
2715,24
2725,24
2768,24
2781,24
2824,24
2833,24
2865,24
2871,24
2889,24
2971,24
3163,24
3183,24
3314,24
3394,24
3523,24
3573,24
3576,24
3586,24
3602,24
3632,24
3634,24
3668,24
3712,24
3763,24
3803,24
3884,24
3949,24
3966,24
3968,24
4021,24
4062,24
4109,24
4144,24
4198,24
4272,24
4275,24
4298,24
4305,24
4331,24
4358,24
4402,24
4409,24
4416,24
4469,24
4475,24
4488,24
4529,24
4544,24
4563,24
4594,24
4675,24
4761,24
4812,24
4875,24
4969,24
5188,24
5230,24
5232,24
5319,24
5366,24
5419,24
5448,24
5516,24
5565,24
5575,24
5599,24
5678,24
5680,24
5682,24
5741,24
5742,24
5752,24
5756,24
5767,24
5817,24
5871,24
5885,24
5919,24
5939,24
5958,24
5961,24
5994,24
6019,24
6054,24
6070,24
6073,24
6093,24
6149,24
6270,24
6445,24
6450,24
6632,24
6640,24
6641,24
6716,24
6729,24
6748,24
6754,24
6845,24
6853,24
6901,24
6925,24
6937,24
7007,24
7057,24
7084,24
7100,24
7122,24
7148,24
7190,24
7198,24
7264,24
7277,24
7296,24
7393,24
7444,24
7558,24
7609,24
7799,24
7804,24
7852,24
7892,24
7938,24
7962,24
7987,24
8014,24
8090,24
8181,24
8201,24
8220,24
8239,24
8240,24
8273,24
8338,24
8373,24
8387,24
8399,24
8405,24
8426,24
8432,24
8437,24
8451,24
8478,24
8508,24
8592,24
8594,24
8639,24
8658,24
8714,24
8734,24
8744,24
8816,24
8866,24
8883,24
8897,24
8927,24
8991,24
9012,24
9015,24
9025,24
9068,24
9076,24
9097,24
9200,24
9232,24
9244,24
9415,24
9457,24
9483,24
9532,24
9567,24
9576,24
9688,24
9696,24
9721,24
9753,24
9782,24
9783,24
9796,24
9814,24
9831,24
9855,24
9932,24
9933,24
9953,24
9975,24
9981,24
9990,24
10005,24
10051,24
10110,24
10114,24
10115,24
10153,24
10154,24
10165,24
28,23
41,23
53,23
77,23
141,23
151,23
224,23
229,23
281,23
302,23
315,23
383,23
414,23
418,23
455,23
497,23
509,23
519,23
535,23
607,23
610,23
619,23
633,23
648,23
672,23
696,23
716,23
721,23
734,23
824,23
854,23
855,23
865,23
866,23
887,23
926,23
927,23
936,23
957,23
963,23
974,23
1013,23
1028,23
1036,23
1093,23
1117,23
1148,23
1160,23
1206,23
1208,23
1241,23
1249,23
1266,23
1283,23
1285,23
1292,23
1299,23
1317,23
1333,23
1347,23
1365,23
1391,23
1398,23
1424,23
1441,23
1442,23
1462,23
1494,23
1507,23
1509,23
1525,23
1527,23
1620,23
1635,23
1655,23
1668,23
1706,23
1710,23
1742,23
1782,23
1786,23
1790,23
1806,23
1826,23
1843,23
1858,23
1866,23
1869,23
1880,23
1881,23
1883,23
1896,23
1910,23
1948,23
1964,23
1970,23
2004,23
2012,23
2025,23
2040,23
2050,23
2074,23
2108,23
2199,23
2229,23
2232,23
2248,23
2251,23
2258,23
2310,23
2319,23
2350,23
2437,23
2439,23
2446,23
2450,23
2466,23
2470,23
2477,23
2478,23
2494,23
2502,23
2555,23
2583,23
2597,23
2639,23
2671,23
2722,23
2723,23
2731,23
2751,23
2755,23
2756,23
2759,23
2773,23
2809,23
2838,23
2875,23
2877,23
2878,23
2903,23
2954,23
2978,23
2995,23
3004,23
3076,23
3091,23
3165,23
3169,23
3240,23
3276,23
3288,23
3306,23
3320,23
3344,23
3358,23
3393,23
3636,23
3657,23
3765,23
3840,23
3900,23
3948,23
3997,23
4002,23
4115,23
4171,23
4180,23
4203,23
4227,23
4228,23
4234,23
4239,23
4240,23
4253,23
4287,23
4294,23
4340,23
4398,23
4420,23
4426,23
4428,23
4510,23
4523,23
4545,23
4546,23
4568,23
4680,23
4778,23
4804,23
4869,23
4886,23
4927,23
4930,23
4994,23
5006,23
5075,23
5079,23
5095,23
5177,23
5212,23
5302,23
5440,23
5527,23
5534,23
5574,23
5595,23
5603,23
5674,23
5697,23
5731,23
5743,23
5771,23
5785,23
5797,23
5810,23
5818,23
5826,23
5863,23
5864,23
5904,23
5923,23
5934,23
6001,23
6018,23
6053,23
6060,23
6170,23
6208,23
6213,23
6217,23
6380,23
6413,23
6428,23
6511,23
6537,23
6570,23
6572,23
6577,23
6646,23
6694,23
6698,23
6734,23
6749,23
6764,23
6770,23
6776,23
6833,23
6836,23
6849,23
6855,23
6875,23
6899,23
6935,23
6938,23
6961,23
6991,23
6996,23
7005,23
7041,23
7160,23
7163,23
7216,23
7269,23
7284,23
7327,23
7344,23
7359,23
7366,23
7370,23
7379,23
7464,23
7544,23
7610,23
7623,23
7640,23
7706,23
7729,23
7807,23
7832,23
7846,23
7856,23
7871,23
7917,23
7940,23
7949,23
8005,23
8026,23
8079,23
8083,23
8185,23
8196,23
8270,23
8291,23
8293,23
8297,23
8305,23
8311,23
8314,23
8325,23
8336,23
8337,23
8350,23
8368,23
8382,23
8407,23
8408,23
8423,23
8445,23
8456,23
8466,23
8467,23
8489,23
8532,23
8544,23
8559,23
8574,23
8576,23
8579,23
8601,23
8640,23
8668,23
8671,23
8688,23
8699,23
8759,23
8772,23
8794,23
8871,23
8902,23
8924,23
8935,23
8994,23
9000,23
9029,23
9033,23
9062,23
9069,23
9111,23
9139,23
9145,23
9146,23
9175,23
9202,23
9305,23
9395,23
9441,23
9552,23
9556,23
9592,23
9620,23
9695,23
9717,23
9762,23
9815,23
9842,23
9873,23
9925,23
9964,23
10002,23
10009,23
10018,23
10046,23
10097,23
10099,23
10139,23
10141,23
10145,23
10169,23
4,22
13,22
33,22
40,22
45,22
54,22
70,22
115,22
187,22
212,22
308,22
372,22
400,22
450,22
453,22
465,22
544,22
550,22
575,22
579,22
623,22
691,22
705,22
714,22
760,22
771,22
786,22
799,22
817,22
821,22
857,22
877,22
888,22
932,22
941,22
942,22
983,22
1001,22
1007,22
1029,22
1040,22
1052,22
1058,22
1060,22
1069,22
1097,22
1111,22
1155,22
1163,22
1166,22
1174,22
1179,22
1182,22
1192,22
1195,22
1214,22
1226,22
1232,22
1308,22
1309,22
1316,22
1357,22
1378,22
1403,22
1408,22
1419,22
1463,22
1466,22
1482,22
1484,22
1501,22
1522,22
1539,22
1564,22
1584,22
1596,22
1600,22
1617,22
1681,22
1687,22
1694,22
1724,22
1729,22
1746,22
1753,22
1759,22
1762,22
1775,22
1785,22
1818,22
1849,22
1856,22
1857,22
1879,22
1902,22
1918,22
1921,22
1923,22
1976,22
1979,22
1995,22
2105,22
2144,22
2161,22
2162,22
2181,22
2198,22
2269,22
2275,22
2345,22
2364,22
2404,22
2417,22
2420,22
2427,22
2431,22
2441,22
2512,22
2543,22
2560,22
2604,22
2606,22
2637,22
2638,22
2676,22
2713,22
2747,22
2749,22
2750,22
2752,22
2753,22
2778,22
2816,22
2896,22
2958,22
2975,22
2976,22
3013,22
3066,22
3074,22
3077,22
3089,22
3103,22
3105,22
3112,22
3120,22
3144,22
3162,22
3196,22
3264,22
3310,22
3333,22
3337,22
3360,22
3378,22
3459,22
3467,22
3483,22
3499,22
3526,22
3570,22
3574,22
3621,22
3629,22
3669,22
3679,22
3731,22
3738,22
3740,22
3750,22
3759,22
3766,22
3793,22
3866,22
3874,22
3879,22
3918,22
3924,22
3942,22
3982,22
4117,22
4140,22
4215,22
4232,22
4248,22
4269,22
4332,22
4337,22
4354,22
4380,22
4404,22
4417,22
4445,22
4463,22
4489,22
4506,22
4575,22
4590,22
4651,22
4732,22
4780,22
4844,22
4848,22
4859,22
4868,22
4873,22
4907,22
4919,22
4922,22
4947,22
5002,22
5022,22
5067,22
5107,22
5149,22
5154,22
5214,22
5227,22
5236,22
5255,22
5258,22
5332,22
5356,22
5384,22
5420,22
5438,22
5478,22
5518,22
5528,22
5538,22
5568,22
5615,22
5619,22
5720,22
5736,22
5764,22
5773,22
5808,22
5847,22
5868,22
5880,22
5895,22
5900,22
5949,22
5965,22
6003,22
6004,22
6011,22
6035,22
6062,22
6084,22
6091,22
6120,22
6139,22
6167,22
6306,22
6312,22
6333,22
6505,22
6531,22
6559,22
6581,22
6604,22
6656,22
6670,22
6693,22
6723,22
6724,22
6797,22
6815,22
6841,22
6884,22
6895,22
6917,22
6924,22
6930,22
6943,22
6945,22
6959,22
6969,22
7000,22
7008,22
7039,22
7051,22
7136,22
7141,22
7168,22
7191,22
7207,22
7231,22
7232,22
7249,22
7253,22
7263,22
7273,22
7278,22
7290,22
7292,22
7332,22
7375,22
7380,22
7401,22
7403,22
7419,22
7432,22
7434,22
7437,22
7448,22
7476,22
7478,22
7481,22
7515,22
7538,22
7584,22
7592,22
7604,22
7637,22
7638,22
7652,22
7662,22
7681,22
7730,22
7744,22
7752,22
7779,22
7784,22
7800,22
7805,22
7822,22
7834,22
7872,22
7896,22
7984,22
8002,22
8022,22
8043,22
8078,22
8094,22
8114,22
8116,22
8139,22
8153,22
8187,22
8193,22
8194,22
8203,22
8225,22
8236,22
8307,22
8310,22
8328,22
8384,22
8416,22
8422,22
8442,22
8476,22
8492,22
8497,22
8512,22
8523,22
8527,22
8533,22
8541,22
8573,22
8575,22
8581,22
8615,22
8617,22
8649,22
8655,22
8731,22
8735,22
8737,22
8738,22
8751,22
8754,22
8755,22
8800,22
8819,22
8839,22
8874,22
8923,22
8958,22
8975,22
8980,22
9002,22
9046,22
9050,22
9064,22
9105,22
9108,22
9131,22
9193,22
9351,22
9367,22
9388,22
9422,22
9442,22
9458,22
9500,22
9509,22
9515,22
9553,22
9568,22
9799,22
9820,22
9847,22
9938,22
9978,22
10019,22
10034,22
10039,22
10041,22
10061,22
10076,22
10081,22
10098,22
10104,22
10109,22
63,21
84,21
88,21
92,21
93,21
99,21
105,21
134,21
162,21
164,21
166,21
184,21
194,21
216,21
228,21
232,21
269,21
270,21
287,21
296,21
339,21
344,21
366,21
377,21
401,21
407,21
408,21
424,21
426,21
428,21
437,21
451,21
452,21
473,21
501,21
514,21
517,21
533,21
586,21
595,21
642,21
645,21
684,21
699,21
708,21
743,21
746,21
773,21
807,21
845,21
852,21
860,21
862,21
872,21
875,21
900,21
903,21
913,21
934,21
959,21
964,21
994,21
1017,21
1073,21
1076,21
1086,21
1091,21
1119,21
1121,21
1124,21
1127,21
1133,21
1152,21
1168,21
1184,21
1215,21
1234,21
1236,21
1255,21
1269,21
1296,21
1300,21
1366,21
1379,21
1385,21
1396,21
1399,21
1421,21
1428,21
1430,21
1444,21
1451,21
1458,21
1478,21
1500,21
1528,21
1540,21
1547,21
1561,21
1571,21
1615,21
1619,21
1623,21
1626,21
1666,21
1682,21
1690,21
1756,21
1763,21
1768,21
1769,21
1779,21
1787,21
1795,21
1801,21
1804,21
1808,21
1813,21
1814,21
1823,21
1828,21
1832,21
1833,21
1848,21
1851,21
1855,21
1868,21
1876,21
1889,21
1928,21
1932,21
1939,21
1958,21
1961,21
1969,21
1974,21
2009,21
2068,21
2085,21
2088,21
2090,21
2100,21
2126,21
2165,21
2230,21
2266,21
2272,21
2285,21
2308,21
2323,21
2330,21
2385,21
2397,21
2403,21
2422,21
2442,21
2447,21
2475,21
2528,21
2530,21
2532,21
2548,21
2568,21
2571,21
2600,21
2634,21
2640,21
2658,21
2667,21
2688,21
2704,21
2714,21
2717,21
2733,21
2765,21
2769,21
2785,21
2812,21
2818,21
2842,21
2881,21
2900,21
2919,21
2936,21
2977,21
3005,21
3008,21
3009,21
3042,21
3049,21
3093,21
3100,21
3141,21
3142,21
3164,21
3174,21
3189,21
3219,21
3261,21
3265,21
3269,21
3273,21
3275,21
3277,21
3289,21
3291,21
3293,21
3299,21
3368,21
3381,21
3385,21
3388,21
3391,21
3429,21
3430,21
3444,21
3447,21
3488,21
3509,21
3512,21
3535,21
3561,21
3588,21
3590,21
3611,21
3647,21
3656,21
3663,21
3680,21
3684,21
3688,21
3694,21
3695,21
3717,21
3729,21
3735,21
3736,21
3756,21
3784,21
3829,21
3833,21
3867,21
3877,21
3892,21
3897,21
3899,21
3902,21
3925,21
3950,21
3972,21
3995,21
4013,21
4015,21
4029,21
4032,21
4042,21
4057,21
4059,21
4063,21
4089,21
4122,21
4142,21
4156,21
4196,21
4202,21
4206,21
4216,21
4237,21
4246,21
4271,21
4307,21
4313,21
4317,21
4318,21
4335,21
4342,21
4345,21
4350,21
4363,21
4432,21
4440,21
4451,21
4454,21
4486,21
4497,21
4503,21
4508,21
4535,21
4540,21
4541,21
4556,21
4596,21
4623,21
4642,21
4657,21
4727,21
4764,21
4767,21
4791,21
4820,21
4822,21
4839,21
4850,21
4883,21
4895,21
4915,21
4917,21
4980,21
4990,21
4995,21
5009,21
5012,21
5013,21
5026,21
5038,21
5043,21
5059,21
5060,21
5064,21
5077,21
5102,21
5110,21
5167,21
5208,21
5237,21
5261,21
5266,21
5300,21
5331,21
5359,21
5360,21
5374,21
5376,21
5385,21
5401,21
5406,21
5422,21
5424,21
5435,21
5498,21
5521,21
5531,21
5541,21
5555,21
5562,21
5573,21
5587,21
5606,21
5632,21
5686,21
5691,21
5708,21
5709,21
5714,21
5738,21
5777,21
5782,21
5821,21
5830,21
5865,21
5913,21
5975,21
5976,21
5993,21
6013,21
6014,21
6067,21
6097,21
6118,21
6176,21
6206,21
6218,21
6228,21
6246,21
6261,21
6269,21
6326,21
6410,21
6433,21
6441,21
6444,21
6507,21
6516,21
6518,21
6573,21
6589,21
6600,21
6607,21
6626,21
6636,21
6653,21
6661,21
6720,21
6738,21
6743,21
6753,21
6760,21
6772,21
6796,21
6807,21
6818,21
6822,21
6840,21
6865,21
6896,21
6918,21
6919,21
6941,21
6953,21
6957,21
7010,21
7033,21
7052,21
7056,21
7078,21
7091,21
7107,21
7108,21
7121,21
7123,21
7132,21
7166,21
7176,21
7188,21
7230,21
7251,21
7254,21
7255,21
7258,21
7305,21
7313,21
7322,21
7326,21
7364,21
7391,21
7441,21
7454,21
7494,21
7512,21
7531,21
7545,21
7546,21
7562,21
7564,21
7591,21
7605,21
7631,21
7671,21
7687,21
7697,21
7721,21
7745,21
7747,21
7769,21
7781,21
7797,21
7849,21
7895,21
7927,21
7936,21
7964,21
7974,21
7983,21
8012,21
8027,21
8036,21
8096,21
8102,21
8169,21
8170,21
8198,21
8209,21
8211,21
8228,21
8234,21
8238,21
8243,21
8255,21
8264,21
8267,21
8276,21
8284,21
8285,21
8295,21
8308,21
8316,21
8319,21
8327,21
8333,21
8349,21
8366,21
8370,21
8383,21
8413,21
8435,21
8439,21
8452,21
8487,21
8488,21
8503,21
8510,21
8543,21
8577,21
8596,21
8599,21
8645,21
8661,21
8666,21
8669,21
8681,21
8689,21
8696,21
8703,21
8741,21
8767,21
8773,21
8775,21
8801,21
8814,21
8848,21
8865,21
8917,21
8941,21
8950,21
8988,21
8998,21
9042,21
9058,21
9063,21
9077,21
9092,21
9100,21
9115,21
9204,21
9321,21
9361,21
9374,21
9386,21
9411,21
9413,21
9434,21
9446,21
9485,21
9499,21
9506,21
9512,21
9530,21
9548,21
9597,21
9671,21
9706,21
9726,21
9788,21
9825,21
9828,21
9912,21
9914,21
9930,21
9941,21
9954,21
9972,21
10004,21
10043,21
10052,21
10075,21
5,20
18,20
19,20
24,20
51,20
57,20
62,20
90,20
102,20
196,20
197,20
208,20
227,20
233,20
242,20
253,20
266,20
268,20
271,20
275,20
283,20
285,20
294,20
297,20
325,20
326,20
332,20
336,20
362,20
367,20
368,20
369,20
379,20
390,20
396,20
434,20
477,20
511,20
532,20
552,20
589,20
624,20
625,20
667,20
685,20
687,20
692,20
728,20
765,20
781,20
802,20
803,20
811,20
830,20
841,20
870,20
884,20
890,20
892,20
899,20
910,20
921,20
933,20
935,20
938,20
946,20
967,20
968,20
970,20
972,20
979,20
990,20
1004,20
1009,20
1015,20
1021,20
1038,20
1045,20
1055,20
1057,20
1064,20
1079,20
1080,20
1085,20
1096,20
1101,20
1102,20
1104,20
1107,20
1116,20
1122,20
1167,20
1183,20
1186,20
1200,20
1203,20
1222,20
1235,20
1262,20
1267,20
1273,20
1274,20
1276,20
1280,20
1284,20
1294,20
1304,20
1320,20
1325,20
1332,20
1338,20
1349,20
1354,20
1374,20
1375,20
1400,20
1402,20
1412,20
1413,20
1417,20
1426,20
1457,20
1464,20
1465,20
1479,20
1497,20
1503,20
1504,20
1510,20
1512,20
1541,20
1545,20
1548,20
1551,20
1553,20
1554,20
1573,20
1595,20
1605,20
1609,20
1610,20
1637,20
1643,20
1658,20
1659,20
1693,20
1702,20
1704,20
1705,20
1718,20
1720,20
1735,20
1774,20
1776,20
1778,20
1797,20
1800,20
1803,20
1837,20
1838,20
1850,20
1853,20
1861,20
1863,20
1891,20
1892,20
1898,20
1919,20
1937,20
1941,20
1945,20
1950,20
1953,20
1966,20
1968,20
2007,20
2016,20
2024,20
2032,20
2039,20
2042,20
2048,20
2049,20
2051,20
2053,20
2057,20
2059,20
2069,20
2075,20
2092,20
2107,20
2121,20
2132,20
2147,20
2164,20
2169,20
2171,20
2184,20
2191,20
2197,20
2203,20
2205,20
2209,20
2214,20
2224,20
2255,20
2265,20
2267,20
2291,20
2292,20
2294,20
2300,20
2312,20
2313,20
2317,20
2327,20
2338,20
2341,20
2342,20
2356,20
2358,20
2367,20
2369,20
2372,20
2375,20
2384,20
2396,20
2409,20
2426,20
2440,20
2444,20
2454,20
2460,20
2462,20
2481,20
2493,20
2497,20
2508,20
2511,20
2513,20
2527,20
2554,20
2558,20
2559,20
2561,20
2582,20
2584,20
2591,20
2617,20
2622,20
2649,20
2653,20
2660,20
2665,20
2672,20
2673,20
2680,20
2705,20
2710,20
2718,20
2721,20
2739,20
2744,20
2746,20
2754,20
2763,20
2775,20
2787,20
2794,20
2811,20
2815,20
2848,20
2851,20
2855,20
2862,20
2874,20
2876,20
2886,20
2894,20
2905,20
2907,20
2911,20
2915,20
2927,20
2932,20
2934,20
2943,20
2944,20
2947,20
2949,20
2959,20
2961,20
2964,20
2967,20
2989,20
2997,20
3001,20
3012,20
3015,20
3026,20
3032,20
3058,20
3061,20
3075,20
3096,20
3128,20
3160,20
3171,20
3176,20
3187,20
3200,20
3206,20
3210,20
3215,20
3223,20
3234,20
3241,20
3242,20
3243,20
3253,20
3267,20
3281,20
3292,20
3300,20
3311,20
3322,20
3323,20
3327,20
3334,20
3339,20
3342,20
3346,20
3348,20
3352,20
3374,20
3379,20
3390,20
3408,20
3409,20
3411,20
3414,20
3416,20
3417,20
3422,20
3448,20
3450,20
3452,20
3461,20
3462,20
3476,20
3495,20
3503,20
3506,20
3514,20
3519,20
3520,20
3529,20
3534,20
3541,20
3544,20
3545,20
3550,20
3577,20
3585,20
3589,20
3612,20
3618,20
3640,20
3649,20
3651,20
3652,20
3671,20
3686,20
3693,20
3707,20
3713,20
3723,20
3724,20
3734,20
3737,20
3747,20
3749,20
3764,20
3770,20
3773,20
3776,20
3780,20
3785,20
3790,20
3800,20
3836,20
3841,20
3844,20
3852,20
3860,20
3871,20
3887,20
3890,20
3921,20
3932,20
3936,20
3940,20
3964,20
3969,20
3985,20
3991,20
4001,20
4003,20
4016,20
4025,20
4034,20
4036,20
4039,20
4050,20
4056,20
4067,20
4072,20
4082,20
4084,20
4098,20
4132,20
4160,20
4167,20
4169,20
4187,20
4192,20
4235,20
4260,20
4284,20
4319,20
4322,20
4343,20
4351,20
4364,20
4366,20
4367,20
4383,20
4386,20
4389,20
4406,20
4425,20
4434,20
4464,20
4476,20
4501,20
4505,20
4507,20
4519,20
4524,20
4526,20
4528,20
4533,20
4552,20
4553,20
4569,20
4578,20
4581,20
4605,20
4614,20
4626,20
4627,20
4629,20
4639,20
4694,20
4700,20
4707,20
4726,20
4734,20
4735,20
4750,20
4754,20
4762,20
4783,20
4785,20
4786,20
4787,20
4792,20
4817,20
4823,20
4829,20
4833,20
4837,20
4840,20
4841,20
4843,20
4855,20
4856,20
4858,20
4862,20
4867,20
4877,20
4890,20
4904,20
4906,20
4909,20
4929,20
4932,20
4935,20
4954,20
4970,20
5016,20
5023,20
5032,20
5044,20
5062,20
5063,20
5066,20
5082,20
5089,20
5090,20
5097,20
5104,20
5117,20
5143,20
5150,20
5174,20
5206,20
5216,20
5275,20
5282,20
5284,20
5286,20
5295,20
5304,20
5307,20
5309,20
5314,20
5316,20
5317,20
5323,20
5324,20
5330,20
5362,20
5364,20
5368,20
5373,20
5378,20
5379,20
5380,20
5388,20
5396,20
5400,20
5411,20
5413,20
5437,20
5441,20
5453,20
5456,20
5461,20
5463,20
5467,20
5468,20
5484,20
5501,20
5502,20
5503,20
5515,20
5546,20
5583,20
5618,20
5624,20
5629,20
5642,20
5643,20
5667,20
5684,20
5685,20
5692,20
5693,20
5701,20
5717,20
5726,20
5735,20
5766,20
5776,20
5820,20
5825,20
5834,20
5835,20
5836,20
5841,20
5886,20
5893,20
5906,20
5909,20
5925,20
5977,20
5983,20
5991,20
6015,20
6037,20
6056,20
6075,20
6092,20
6095,20
6098,20
6103,20
6111,20
6131,20
6138,20
6157,20
6158,20
6169,20
6171,20
6175,20
6189,20
6197,20
6205,20
6227,20
6242,20
6251,20
6273,20
6287,20
6331,20
6349,20
6350,20
6391,20
6405,20
6408,20
6426,20
6434,20
6442,20
6456,20
6464,20
6466,20
6467,20
6475,20
6478,20
6481,20
6526,20
6528,20
6533,20
6535,20
6540,20
6541,20
6545,20
6549,20
6553,20
6564,20
6566,20
6569,20
6578,20
6579,20
6580,20
6582,20
6587,20
6593,20
6597,20
6619,20
6622,20
6623,20
6629,20
6634,20
6644,20
6647,20
6649,20
6666,20
6700,20
6701,20
6707,20
6711,20
6712,20
6715,20
6721,20
6732,20
6733,20
6739,20
6742,20
6755,20
6758,20
6759,20
6763,20
6767,20
6771,20
6773,20
6783,20
6787,20
6794,20
6799,20
6804,20
6805,20
6810,20
6817,20
6819,20
6821,20
6830,20
6831,20
6852,20
6854,20
6856,20
6859,20
6861,20
6862,20
6863,20
6888,20
6903,20
6912,20
6929,20
6931,20
6932,20
6944,20
6951,20
6963,20
6977,20
6983,20
7011,20
7019,20
7029,20
7037,20
7045,20
7062,20
7064,20
7065,20
7069,20
7090,20
7109,20
7110,20
7111,20
7112,20
7113,20
7116,20
7125,20
7134,20
7144,20
7147,20
7152,20
7157,20
7194,20
7204,20
7212,20
7213,20
7223,20
7224,20
7225,20
7242,20
7247,20
7257,20
7279,20
7291,20
7293,20
7295,20
7304,20
7311,20
7382,20
7394,20
7402,20
7410,20
7420,20
7440,20
7442,20
7445,20
7447,20
7458,20
7463,20
7514,20
7521,20
7547,20
7550,20
7559,20
7577,20
7581,20
7582,20
7585,20
7588,20
7597,20
7603,20
7615,20
7616,20
7621,20
7626,20
7653,20
7655,20
7656,20
7661,20
7675,20
7683,20
7688,20
7692,20
7693,20
7701,20
7710,20
7711,20
7714,20
7715,20
7720,20
7728,20
7731,20
7733,20
7742,20
7746,20
7767,20
7785,20
7828,20
7833,20
7839,20
7861,20
7863,20
7870,20
7873,20
7884,20
7907,20
7913,20
7916,20
7925,20
7926,20
7931,20
7954,20
7959,20
7969,20
7979,20
7982,20
7991,20
8004,20
8017,20
8019,20
8034,20
8046,20
8049,20
8060,20
8065,20
8082,20
8119,20
8134,20
8135,20
8140,20
8143,20
8145,20
8149,20
8157,20
8165,20
8177,20
8180,20
8183,20
8186,20
8192,20
8210,20
8223,20
8233,20
8244,20
8248,20
8257,20
8262,20
8263,20
8268,20
8283,20
8289,20
8296,20
8298,20
8299,20
8302,20
8303,20
8304,20
8326,20
8329,20
8340,20
8358,20
8369,20
8381,20
8389,20
8401,20
8414,20
8417,20
8418,20
8421,20
8433,20
8434,20
8436,20
8438,20
8458,20
8459,20
8461,20
8472,20
8479,20
8484,20
8507,20
8516,20
8525,20
8537,20
8539,20
8553,20
8582,20
8584,20
8587,20
8593,20
8603,20
8606,20
8607,20
8620,20
8631,20
8635,20
8662,20
8665,20
8673,20
8675,20
8687,20
8694,20
8713,20
8720,20
8740,20
8743,20
8745,20
8750,20
8758,20
8764,20
8765,20
8766,20
8781,20
8795,20
8797,20
8802,20
8806,20
8821,20
8823,20
8830,20
8835,20
8838,20
8849,20
8862,20
8863,20
8877,20
8888,20
8889,20
8895,20
8906,20
8920,20
8921,20
8922,20
8937,20
8955,20
8961,20
8969,20
8990,20
8992,20
9004,20
9008,20
9009,20
9037,20
9043,20
9045,20
9049,20
9053,20
9089,20
9093,20
9122,20
9124,20
9130,20
9140,20
9142,20
9161,20
9173,20
9174,20
9222,20
9226,20
9257,20
9260,20
9283,20
9284,20
9289,20
9296,20
9309,20
9310,20
9313,20
9320,20
9323,20
9332,20
9349,20
9373,20
9399,20
9400,20
9421,20
9432,20
9433,20
9436,20
9452,20
9453,20
9459,20
9470,20
9478,20
9489,20
9490,20
9497,20
9501,20
9504,20
9516,20
9517,20
9519,20
9524,20
9525,20
9526,20
9528,20
9541,20
9547,20
9550,20
9551,20
9555,20
9566,20
9577,20
9594,20
9598,20
9606,20
9615,20
9621,20
9628,20
9636,20
9641,20
9663,20
9675,20
9676,20
9681,20
9694,20
9709,20
9723,20
9727,20
9766,20
9780,20
9804,20
9816,20
9817,20
9823,20
9826,20
9836,20
9887,20
9888,20
9896,20
9897,20
9898,20
9909,20
9911,20
9919,20
9931,20
9947,20
9948,20
9949,20
9989,20
9998,20
10007,20
10067,20
10074,20
10091,20
10120,20
10128,20
10138,20
10147,20
10171,20
10,19
20,19
29,19
50,19
60,19
83,19
210,19
211,19
225,19
252,19
310,19
316,19
350,19
378,19
392,19
399,19
444,19
454,19
493,19
506,19
525,19
531,19
551,19
559,19
560,19
564,19
568,19
585,19
611,19
660,19
680,19
697,19
700,19
748,19
789,19
790,19
793,19
822,19
833,19
856,19
878,19
880,19
925,19
950,19
969,19
1063,19
1087,19
1177,19
1185,19
1295,19
1310,19
1350,19
1353,19
1381,19
1386,19
1407,19
1434,19
1450,19
1456,19
1491,19
1518,19
1570,19
1575,19
1597,19
1670,19
1695,19
1701,19
1707,19
1727,19
1748,19
1789,19
1865,19
1872,19
1907,19
1957,19
1971,19
2008,19
2094,19
2112,19
2206,19
2211,19
2320,19
2366,19
2413,19
2485,19
2503,19
2517,19
2592,19
2734,19
2760,19
2766,19
2777,19
2800,19
2817,19
2962,19
2993,19
3088,19
3101,19
3121,19
3137,19
3197,19
3217,19
3226,19
3244,19
3252,19
3319,19
3396,19
3403,19
3446,19
3470,19
3515,19
3580,19
3626,19
3675,19
3721,19
3722,19
3815,19
3842,19
3893,19
3898,19
4040,19
4047,19
4085,19
4120,19
4152,19
4208,19
4231,19
4233,19
4281,19
4289,19
4333,19
4397,19
4400,19
4509,19
4513,19
4517,19
4559,19
4617,19
4684,19
4709,19
4730,19
4838,19
4870,19
4952,19
4968,19
4983,19
5098,19
5099,19
5106,19
5160,19
5183,19
5215,19
5244,19
5294,19
5297,19
5322,19
5343,19
5390,19
5393,19
5397,19
5436,19
5460,19
5499,19
5522,19
5524,19
5533,19
5535,19
5561,19
5571,19
5586,19
5604,19
5627,19
5661,19
5669,19
5681,19
5739,19
5744,19
5839,19
5844,19
5859,19
5869,19
5872,19
5954,19
5990,19
6021,19
6052,19
6085,19
6132,19
6146,19
6201,19
6209,19
6315,19
6377,19
6396,19
6557,19
6638,19
6678,19
6690,19
6728,19
6740,19
6750,19
6752,19
6766,19
6808,19
6871,19
6881,19
6889,19
6892,19
6939,19
6965,19
7020,19
7028,19
7088,19
7205,19
7221,19
7241,19
7259,19
7268,19
7347,19
7365,19
7368,19
7373,19
7374,19
7385,19
7390,19
7405,19
7474,19
7485,19
7501,19
7526,19
7579,19
7595,19
7614,19
7625,19
7813,19
7868,19
7906,19
7911,19
7935,19
8029,19
8031,19
8081,19
8104,19
8120,19
8131,19
8142,19
8205,19
8226,19
8254,19
8300,19
8318,19
8356,19
8359,19
8375,19
8425,19
8455,19
8624,19
8651,19
8686,19
8837,19
8900,19
8908,19
8953,19
9117,19
9205,19
9307,19
9363,19
9390,19
9391,19
9510,19
9605,19
9622,19
9642,19
9716,19
9740,19
9763,19
9852,19
9856,19
9863,19
9879,19
9903,19
9939,19
9991,19
10024,19
10031,19
10035,19
10152,19
10166,19
30,18
282,18
324,18
333,18
345,18
502,18
507,18
541,18
570,18
591,18
628,18
713,18
732,18
741,18
757,18
808,18
836,18
864,18
883,18
911,18
922,18
966,18
1047,18
1075,18
1095,18
1106,18
1165,18
1244,18
1248,18
1286,18
1334,18
1387,18
1506,18
1543,18
1555,18
1598,18
1608,18
1644,18
1652,18
1653,18
1665,18
1677,18
1685,18
1688,18
1709,18
1719,18
1822,18
1935,18
1983,18
1992,18
2028,18
2071,18
2096,18
2118,18
2123,18
2137,18
2274,18
2276,18
2286,18
2287,18
2351,18
2359,18
2473,18
2490,18
2515,18
2557,18
2566,18
2648,18
2650,18
2656,18
2684,18
2712,18
2789,18
2916,18
3069,18
3131,18
3143,18
3321,18
3345,18
3401,18
3418,18
3420,18
3453,18
3460,18
3525,18
3655,18
3710,18
3746,18
3804,18
3821,18
3849,18
3873,18
3903,18
3934,18
3958,18
4008,18
4009,18
4079,18
4175,18
4186,18
4201,18
4212,18
4217,18
4348,18
4484,18
4492,18
4572,18
4604,18
4631,18
4644,18
4659,18
4751,18
4851,18
4878,18
4894,18
4928,18
4993,18
5055,18
5065,18
5081,18
5116,18
5201,18
5205,18
5421,18
5465,18
5480,18
5492,18
5500,18
5505,18
5506,18
5556,18
5623,18
5636,18
5647,18
5651,18
5779,18
5816,18
5837,18
5857,18
5860,18
5874,18
5988,18
5997,18
6010,18
6022,18
6028,18
6029,18
6033,18
6051,18
6123,18
6133,18
6174,18
6203,18
6220,18
6234,18
6243,18
6244,18
6265,18
6366,18
6383,18
6416,18
6468,18
6503,18
6571,18
6780,18
6788,18
6801,18
6826,18
6837,18
7027,18
7030,18
7082,18
7089,18
7250,18
7272,18
7452,18
7593,18
7599,18
7628,18
7663,18
7739,18
7750,18
7801,18
7912,18
7943,18
7971,18
7977,18
8042,18
8044,18
8063,18
8178,18
8213,18
8237,18
8256,18
8634,18
8852,18
9036,18
9060,18
9099,18
9136,18
9217,18
9303,18
9324,18
9327,18
9344,18
9366,18
9449,18
9468,18
9588,18
9632,18
9734,18
9785,18
9809,18
9837,18
9982,18
10030,18
10064,18
109,17
120,17
159,17
188,17
217,17
342,17
354,17
498,17
588,17
597,17
605,17
609,17
626,17
629,17
637,17
752,17
778,17
792,17
805,17
847,17
948,17
956,17
1030,17
1078,17
1134,17
1141,17
1189,17
1247,17
1252,17
1311,17
1343,17
1380,17
1429,17
1511,17
1546,17
1557,17
1606,17
1612,17
1616,17
1654,17
1736,17
1745,17
1792,17
1825,17
1827,17
1924,17
1959,17
2058,17
2076,17
2102,17
2139,17
2143,17
2204,17
2217,17
2281,17
2347,17
2452,17
2489,17
2539,17
2563,17
2569,17
2590,17
2628,17
2635,17
2690,17
2711,17
2770,17
2834,17
3007,17
3085,17
3114,17
3191,17
3283,17
3442,17
3733,17
3848,17
3965,17
4011,17
4093,17
4193,17
4226,17
4347,17
4468,17
4534,17
4536,17
4570,17
4682,17
4733,17
5052,17
5068,17
5156,17
5251,17
5259,17
5306,17
5357,17
5377,17
5514,17
5564,17
5576,17
5577,17
5580,17
5610,17
5725,17
5845,17
5908,17
5926,17
5963,17
5967,17
6027,17
6104,17
6140,17
6148,17
6372,17
6487,17
6608,17
6616,17
6627,17
6669,17
6812,17
6843,17
6934,17
6942,17
6954,17
7014,17
7018,17
7050,17
7079,17
7301,17
7351,17
7389,17
7520,17
7557,17
7702,17
7765,17
7889,17
7905,17
7953,17
7996,17
7997,17
8050,17
8105,17
8266,17
8277,17
8281,17
8357,17
8391,17
8540,17
8616,17
8674,17
8684,17
8690,17
8762,17
8890,17
8934,17
8970,17
8997,17
9078,17
9220,17
9258,17
9287,17
9370,17
9389,17
9393,17
9394,17
9445,17
9518,17
9523,17
9539,17
9664,17
9749,17
9757,17
9781,17
9997,17
35,16
150,16
175,16
178,16
221,16
238,16
241,16
245,16
293,16
443,16
617,16
653,16
690,16
747,16
766,16
829,16
848,16
930,16
954,16
1065,16
1070,16
1193,16
1217,16
1307,16
1329,16
1331,16
1345,16
1364,16
1367,16
1401,16
1515,16
1621,16
1671,16
1683,16
1831,16
1973,16
1981,16
2109,16
2159,16
2172,16
2247,16
2262,16
2380,16
2386,16
2465,16
2474,16
2482,16
2540,16
2565,16
2608,16
2623,16
2668,16
2670,16
2727,16
2906,16
2986,16
3011,16
3018,16
3019,16
3038,16
3109,16
3122,16
3177,16
3331,16
3423,16
3443,16
3596,16
3627,16
3654,16
3683,16
3689,16
3691,16
3758,16
3767,16
3809,16
3812,16
3834,16
3850,16
3888,16
3944,16
3987,16
4005,16
4012,16
4075,16
4096,16
4134,16
4230,16
4264,16
4339,16
4349,16
4370,16
4375,16
4381,16
4401,16
4499,16
4522,16
4585,16
4621,16
4630,16
4673,16
4698,16
4759,16
4760,16
4766,16
4770,16
4784,16
5017,16
5051,16
5057,16
5074,16
5118,16
5163,16
5203,16
5231,16
5265,16
5289,16
5347,16
5355,16
5383,16
5387,16
5399,16
5429,16
5432,16
5466,16
5487,16
5513,16
5589,16
5592,16
5596,16
5641,16
5649,16
5668,16
5683,16
5690,16
5730,16
5733,16
5850,16
5851,16
5870,16
5898,16
5931,16
5940,16
5944,16
6039,16
6040,16
6102,16
6116,16
6196,16
6240,16
6272,16
6297,16
6317,16
6347,16
6392,16
6432,16
6544,16
6586,16
6598,16
6652,16
6687,16
6786,16
6927,16
6975,16
7060,16
7102,16
7135,16
7218,16
7280,16
7372,16
7455,16
7477,16
7486,16
7491,16
7523,16
7587,16
7639,16
7649,16
7738,16
7790,16
7823,16
7882,16
7972,16
7981,16
8144,16
8167,16
8317,16
8322,16
8331,16
8410,16
8465,16
8524,16
8561,16
8567,16
8568,16
8647,16
8718,16
8855,16
8864,16
8983,16
9191,16
9197,16
9219,16
9331,16
9380,16
9384,16
9416,16
9471,16
9476,16
9507,16
9579,16
9635,16
9724,16
9767,16
9875,16
9876,16
9940,16
9971,16
9996,16
10058,16
43,15
136,15
183,15
231,15
299,15
314,15
337,15
381,15
405,15
432,15
474,15
484,15
504,15
538,15
556,15
682,15
704,15
837,15
850,15
897,15
906,15
937,15
1042,15
1138,15
1159,15
1178,15
1319,15
1327,15
1397,15
1431,15
1438,15
1647,15
1717,15
1783,15
1901,15
1904,15
1975,15
2021,15
2089,15
2151,15
2220,15
2252,15
2256,15
2273,15
2388,15
2453,15
2624,15
2767,15
3220,15
3290,15
3361,15
3399,15
3419,15
3667,15
3726,15
3748,15
3757,15
3798,15
3856,15
3917,15
4033,15
4095,15
4113,15
4129,15
4145,15
4295,15
4377,15
4396,15
4495,15
4512,15
4599,15
4646,15
4763,15
4793,15
4809,15
4880,15
4921,15
5021,15
5114,15
5119,15
5121,15
5164,15
5213,15
5277,15
5315,15
5358,15
5372,15
5550,15
5593,15
5645,15
5653,15
5832,15
5852,15
5853,15
5862,15
5878,15
5890,15
5947,15
5959,15
6057,15
6064,15
6107,15
6130,15
6150,15
6186,15
6216,15
6233,15
6277,15
6431,15
6485,15
6522,15
6784,15
6834,15
6847,15
6982,15
7006,15
7032,15
7080,15
7097,15
7103,15
7139,15
7199,15
7266,15
7522,15
7542,15
7560,15
7600,15
7667,15
7732,15
7810,15
7854,15
7945,15
7952,15
8059,15
8122,15
8124,15
8202,15
8214,15
8227,15
8253,15
8287,15
8402,15
8463,15
8486,15
8531,15
8571,15
8623,15
8756,15
8792,15
8843,15
8913,15
9072,15
9107,15
9141,15
9159,15
9218,15
9247,15
9253,15
9255,15
9328,15
9359,15
9382,15
9417,15
9429,15
9546,15
9578,15
9637,15
9647,15
9793,15
9870,15
9936,15
10049,15
71,14
91,14
179,14
182,14
352,14
430,14
435,14
602,14
707,14
720,14
816,14
820,14
905,14
976,14
1024,14
1072,14
1260,14
1265,14
1433,14
1502,14
1516,14
1521,14
1737,14
1765,14
1788,14
1988,14
2093,14
2104,14
2138,14
2186,14
2254,14
2405,14
2585,14
2618,14
2630,14
2631,14
2636,14
2644,14
2654,14
2700,14
2702,14
2709,14
2743,14
2764,14
2774,14
2783,14
2835,14
2904,14
2940,14
3030,14
3266,14
3307,14
3341,14
3349,14
3372,14
3375,14
3424,14
3474,14
3571,14
3572,14
3584,14
3591,14
3642,14
3743,14
4000,14
4111,14
4121,14
4158,14
4194,14
4195,14
4279,14
4327,14
4466,14
4538,14
4622,14
4632,14
4634,14
4638,14
4678,14
4683,14
4714,14
4725,14
4779,14
4948,14
4956,14
5103,14
5109,14
5115,14
5162,14
5166,14
5192,14
5229,14
5381,14
5395,14
5443,14
5455,14
5542,14
5612,14
5628,14
5646,14
5659,14
5719,14
5746,14
5757,14
5798,14
5811,14
5846,14
5855,14
5856,14
5924,14
5979,14
6006,14
6020,14
6032,14
6041,14
6049,14
6072,14
6114,14
6160,14
6212,14
6215,14
6237,14
6248,14
6253,14
6258,14
6425,14
6606,14
6643,14
6664,14
6699,14
6793,14
6898,14
6909,14
6916,14
6974,14
6981,14
7035,14
7036,14
7047,14
7118,14
7130,14
7229,14
7319,14
7431,14
7549,14
7551,14
7566,14
7642,14
7664,14
7708,14
7741,14
7772,14
7811,14
7812,14
7835,14
8039,14
8068,14
8106,14
8107,14
8108,14
8113,14
8260,14
8301,14
8411,14
8441,14
8453,14
8462,14
8477,14
8517,14
8600,14
8790,14
8813,14
8872,14
8884,14
8907,14
8929,14
8959,14
8978,14
9022,14
9083,14
9110,14
9126,14
9160,14
9242,14
9263,14
9330,14
9346,14
9353,14
9358,14
9376,14
9477,14
9538,14
9573,14
9633,14
9651,14
9670,14
9677,14
9679,14
9792,14
9800,14
9861,14
9877,14
9922,14
9956,14
9968,14
10026,14
10123,14
10146,14
10151,14
10168,14
277,13
490,13
512,13
540,13
543,13
554,13
664,13
681,13
695,13
809,13
989,13
1020,13
1108,13
1216,13
1238,13
1251,13
1257,13
1355,13
1360,13
1909,13
1913,13
1972,13
2149,13
2352,13
2365,13
2390,13
2415,13
2519,13
2531,13
2664,13
2675,13
2922,13
2951,13
3041,13
3108,13
3199,13
3218,13
3392,13
3594,13
3637,13
3741,13
3876,13
3883,13
3935,13
3937,13
3945,13
3956,13
3998,13
4010,13
4037,13
4052,13
4097,13
4100,13
4107,13
4123,13
4133,13
4159,13
4205,13
4241,13
4267,13
4270,13
4324,13
4384,13
4655,13
4656,13
4705,13
4716,13
4718,13
4743,13
4748,13
4756,13
4768,13
4845,13
4939,13
4949,13
5005,13
5036,13
5141,13
5168,13
5404,13
5405,13
5526,13
5547,13
5553,13
5644,13
5707,13
5711,13
5749,13
5789,13
5838,13
5920,13
5984,13
6047,13
6055,13
6121,13
6222,13
6255,13
6360,13
6373,13
6375,13
6471,13
6517,13
6521,13
6529,13
6534,13
6588,13
6591,13
6609,13
6697,13
6737,13
6842,13
6905,13
6908,13
6926,13
6948,13
6984,13
7093,13
7316,13
7473,13
7527,13
7654,13
7668,13
7703,13
7727,13
7734,13
7841,13
7847,13
7980,13
8378,13
8464,13
8622,13
8650,13
8811,13
8836,13
8881,13
8885,13
8893,13
8915,13
8949,13
8986,13
9035,13
9044,13
9051,13
9052,13
9103,13
9185,13
9188,13
9259,13
9262,13
9265,13
9267,13
9300,13
9329,13
9369,13
9377,13
9425,13
9438,13
9474,13
9487,13
9511,13
9534,13
9536,13
9544,13
9569,13
9587,13
9589,13
9590,13
9710,13
9747,13
9776,13
9853,13
9901,13
10013,13
10069,13
10094,13
10177,13
42,12
112,12
127,12
201,12
280,12
309,12
340,12
429,12
581,12
606,12
726,12
785,12
827,12
893,12
1067,12
1130,12
1278,12
1315,12
1372,12
1487,12
1492,12
1532,12
1732,12
1846,12
1893,12
2003,12
2106,12
2148,12
2228,12
2326,12
2370,12
2381,12
2383,12
2536,12
2586,12
2605,12
2806,12
2982,12
3132,12
3228,12
3232,12
3274,12
3296,12
3301,12
3595,12
3650,12
3742,12
3816,12
3830,12
3851,12
3891,12
3970,12
4086,12
4103,12
4185,12
4249,12
4353,12
4360,12
4391,12
4443,12
4588,12
4690,12
4772,12
4912,12
4964,12
4977,12
5011,12
5019,12
5083,12
5085,12
5130,12
5312,12
5351,12
5454,12
5608,12
5616,12
5621,12
5804,12
5936,12
5999,12
6178,12
6250,12
6414,12
6423,12
6480,12
6692,12
6706,12
6717,12
6747,12
6790,12
6839,12
6872,12
6874,12
6880,12
6883,12
6906,12
6972,12
7015,12
7068,12
7155,12
7164,12
7267,12
7345,12
7453,12
7496,12
7658,12
7736,12
7757,12
7836,12
7840,12
7885,12
7886,12
7903,12
8008,12
8061,12
8067,12
8085,12
8232,12
8259,12
8282,12
8334,12
8364,12
8509,12
8629,12
8691,12
8752,12
8859,12
8911,12
8925,12
8977,12
9048,12
9061,12
9154,12
9167,12
9182,12
9215,12
9228,12
9231,12
9241,12
9250,12
9252,12
9254,12
9298,12
9311,12
9322,12
9337,12
9397,12
9418,12
9502,12
9505,12
9513,12
9520,12
9554,12
9609,12
9629,12
9648,12
9745,12
9760,12
9765,12
9778,12
9838,12
9951,12
9992,12
10106,12
10131,12
36,11
193,11
202,11
286,11
398,11
402,11
411,11
421,11
440,11
571,11
618,11
670,11
701,11
761,11
1053,11
1071,11
1105,11
1191,11
1282,11
1328,11
1436,11
1460,11
1602,11
1632,11
1678,11
1680,11
1703,11
1740,11
1791,11
1796,11
1802,11
1870,11
1897,11
1954,11
2098,11
2133,11
2216,11
2241,11
2322,11
2392,11
2395,11
2435,11
2479,11
2492,11
2614,11
2616,11
2646,11
2694,11
2825,11
2826,11
2827,11
2852,11
2942,11
3104,11
3224,11
3309,11
3441,11
3455,11
3487,11
3549,11
3554,11
3645,11
3715,11
3787,11
3797,11
3828,11
3913,11
3967,11
3976,11
3992,11
4022,11
4066,11
4105,11
4128,11
4199,11
4211,11
4320,11
4531,11
4587,11
4635,11
4661,11
4736,11
4737,11
4757,11
4758,11
4806,11
4827,11
4871,11
4893,11
5015,11
5123,11
5211,11
5241,11
5412,11
5445,11
5462,11
5496,11
5591,11
5654,11
5753,11
5755,11
5802,11
5819,11
5882,11
5907,11
5957,11
6113,11
6115,11
6224,11
6245,11
6274,11
6293,11
6323,11
6379,11
6389,11
6455,11
6463,11
6477,11
6484,11
6491,11
6504,11
6523,11
6552,11
6605,11
6668,11
6722,11
6777,11
6778,11
6782,11
6785,11
6838,11
6870,11
6890,11
6902,11
6933,11
6976,11
7061,11
7189,11
7196,11
7235,11
7287,11
7289,11
7459,11
7500,11
7618,11
7700,11
7704,11
7780,11
7914,11
8006,11
8056,11
8066,11
8084,11
8110,11
8125,11
8398,11
8444,11
8483,11
8491,11
8522,11
8530,11
8555,11
8556,11
8557,11
8583,11
8598,11
8729,11
9109,11
9229,11
9272,11
9278,11
9339,11
9354,11
9371,11
9387,11
9419,11
9420,11
9451,11
9466,11
9473,11
9481,11
9492,11
9514,11
9521,11
9559,11
9561,11
9583,11
9613,11
9614,11
9624,11
9630,11
9650,11
9658,11
9811,11
9993,11
10012,11
10101,11
10133,11
10172,11
11,10
161,10
236,10
254,10
319,10
347,10
355,10
503,10
613,10
639,10
683,10
709,10
754,10
838,10
908,10
998,10
1416,10
1567,10
1627,10
1640,10
1679,10
1712,10
1772,10
1777,10
1860,10
1989,10
2018,10
2043,10
2131,10
2280,10
2282,10
2344,10
2363,10
2378,10
2387,10
2434,10
2456,10
2544,10
2549,10
2594,10
2641,10
2657,10
2666,10
2730,10
2738,10
2803,10
2873,10
2950,10
3065,10
3285,10
3286,10
3287,10
3326,10
3471,10
3505,10
3553,10
3666,10
3716,10
3720,10
3814,10
3865,10
3885,10
3910,10
3971,10
4071,10
4131,10
4266,10
4280,10
4344,10
4405,10
4457,10
4500,10
4564,10
4592,10
4603,10
4613,10
4668,10
4800,10
4803,10
4918,10
4984,10
5033,10
5070,10
5076,10
5111,10
5339,10
5363,10
5392,10
5398,10
5470,10
5497,10
5525,10
5559,10
5687,10
5699,10
5754,10
5778,10
5791,10
5858,10
5889,10
5891,10
5974,10
6017,10
6101,10
6117,10
6129,10
6259,10
6336,10
6356,10
6437,10
6486,10
6519,10
6525,10
6527,10
6561,10
6617,10
6620,10
6625,10
6639,10
6655,10
6686,10
6779,10
6913,10
6915,10
6962,10
7016,10
7105,10
7197,10
7288,10
7303,10
7310,10
7425,10
7470,10
7497,10
7518,10
7590,10
7686,10
7898,10
7978,10
8003,10
8047,10
8053,10
8103,10
8117,10
8161,10
8162,10
8217,10
8265,10
8269,10
8363,10
8394,10
8473,10
8545,10
8698,10
8724,10
8805,10
8841,10
8899,10
8981,10
9018,10
9055,10
9080,10
9172,10
9212,10
9236,10
9291,10
9318,10
9340,10
9426,10
9455,10
9488,10
9543,10
9574,10
9580,10
9604,10
9611,10
9625,10
9631,10
9634,10
9644,10
9654,10
9655,10
9656,10
9660,10
9666,10
9674,10
9691,10
9773,10
9779,10
9849,10
9865,10
9867,10
9871,10
9900,10
9916,10
9920,10
9959,10
10027,10
10037,10
10048,10
10053,10
10122,10
16,9
37,9
152,9
321,9
472,9
488,9
520,9
698,9
703,9
729,9
751,9
812,9
823,9
1010,9
1098,9
1112,9
1139,9
1190,9
1229,9
1242,9
1404,9
1427,9
1461,9
1556,9
1594,9
1663,9
1824,9
1834,9
1845,9
1864,9
2022,9
2103,9
2183,9
2299,9
2357,9
2455,9
2468,9
2487,9
2541,9
2596,9
2621,9
2662,9
2682,9
2691,9
2941,9
2966,9
2994,9
3057,9
3099,9
3123,9
3295,9
3355,9
3370,9
3384,9
3406,9
3493,9
3498,9
3579,9
3583,9
3630,9
3677,9
3682,9
3703,9
3704,9
3796,9
3819,9
3837,9
3838,9
3889,9
3927,9
3947,9
4092,9
4106,9
4191,9
4297,9
4467,9
4494,9
4520,9
4681,9
4711,9
4789,9
4796,9
4885,9
4937,9
4961,9
4979,9
5003,9
5048,9
5108,9
5217,9
5220,9
5267,9
5280,9
5288,9
5336,9
5349,9
5493,9
5588,9
5671,9
5673,9
5721,9
5792,9
5823,9
5887,9
5912,9
6125,9
6223,9
6264,9
6268,9
6281,9
6289,9
6342,9
6374,9
6384,9
6401,9
6402,9
6409,9
6436,9
6451,9
6497,9
6499,9
6512,9
6538,9
6594,9
6599,9
6602,9
6610,9
6635,9
6660,9
6868,9
6897,9
6964,9
7202,9
7465,9
7536,9
7622,9
7723,9
7749,9
7809,9
7817,9
7825,9
7919,9
7944,9
7973,9
8000,9
8128,9
8152,9
8475,9
8590,9
8604,9
8608,9
8678,9
8711,9
8782,9
8784,9
8804,9
8851,9
8973,9
8995,9
9071,9
9112,9
9118,9
9127,9
9201,9
9233,9
9251,9
9270,9
9285,9
9301,9
9343,9
9423,9
9430,9
9437,9
9439,9
9475,9
9498,9
9531,9
9571,9
9586,9
9602,9
9803,9
9824,9
9829,9
9839,9
9844,9
9893,9
9952,9
2,8
154,8
298,8
431,8
479,8
529,8
537,8
601,8
634,8
656,8
762,8
795,8
828,8
840,8
962,8
1000,8
1049,8
1082,8
1202,8
1254,8
1406,8
1432,8
1552,8
1586,8
1758,8
1847,8
1922,8
2029,8
2041,8
2056,8
2077,8
2244,8
2271,8
2328,8
2333,8
2377,8
2399,8
2410,8
2436,8
2469,8
2476,8
2521,8
2551,8
2620,8
2659,8
2687,8
2698,8
2719,8
2788,8
2923,8
3044,8
3110,8
3146,8
3156,8
3178,8
3209,8
3230,8
3257,8
3258,8
3271,8
3482,8
3492,8
3582,8
3601,8
3616,8
3646,8
3754,8
3813,8
3933,8
3990,8
4046,8
4127,8
4173,8
4259,8
4390,8
4452,8
4471,8
4595,8
4615,8
4640,8
4738,8
4831,8
4846,8
4854,8
4898,8
4902,8
4963,8
5014,8
5105,8
5172,8
5367,8
5475,8
5481,8
5652,8
5962,8
6034,8
6071,8
6239,8
6278,8
6302,8
6321,8
6448,8
6460,8
6560,8
6781,8
6798,8
6832,8
6867,8
6967,8
6968,8
7140,8
7146,8
7182,8
7324,8
7517,8
7528,8
7530,8
7606,8
7608,8
7646,8
7791,8
7853,8
7922,8
7948,8
8051,8
8055,8
8069,8
8175,8
8490,8
8502,8
8569,8
8700,8
8993,8
9125,8
9164,8
9224,8
9227,8
9235,8
9243,8
9266,8
9268,8
9281,8
9292,8
9293,8
9304,8
9312,8
9333,8
9368,8
9372,8
9381,8
9406,8
9414,8
9427,8
9461,8
9496,8
9545,8
9565,8
9607,8
9618,8
9623,8
9643,8
9707,8
9751,8
9845,8
9851,8
9869,8
9880,8
9882,8
9894,8
9895,8
9904,8
9905,8
9907,8
9955,8
10066,8
10092,8
131,7
144,7
189,7
546,7
572,7
635,7
640,7
662,7
737,7
738,7
777,7
891,7
1083,7
1131,7
1219,7
1227,7
1298,7
1418,7
1741,7
1830,7
2091,7
2135,7
2145,7
2212,7
2371,7
2376,7
2401,7
2449,7
2538,7
2589,7
2632,7
2697,7
2720,7
2740,7
2853,7
2968,7
3039,7
3072,7
3116,7
3194,7
3222,7
3362,7
3366,7
3454,7
3479,7
3537,7
3658,7
3692,7
3810,7
3820,7
3878,7
3909,7
4118,7
4182,7
4222,7
4254,7
4277,7
4278,7
4285,7
4296,7
4300,7
4378,7
4415,7
4461,7
4502,7
4591,7
4641,7
4665,7
4742,7
4753,7
4765,7
4797,7
5004,7
5010,7
5080,7
5155,7
5285,7
5308,7
5337,7
5408,7
5430,7
5517,7
5548,7
5675,7
5713,7
5761,7
5790,7
5831,7
6068,7
6154,7
6226,7
6229,7
6252,7
6310,7
6313,7
6378,7
6393,7
6490,7
6506,7
6554,7
6590,7
6795,7
6825,7
6866,7
6900,7
6960,7
6966,7
6970,7
6978,7
6980,7
7017,7
7117,7
7219,7
7262,7
7285,7
7377,7
7404,7
7462,7
7509,7
7529,7
7601,7
7620,7
7635,7
7660,7
7717,7
7759,7
7787,7
8013,7
8030,7
8057,7
8118,7
8147,7
8156,7
8229,7
8344,7
8388,7
8404,7
8409,7
8542,7
8633,7
8840,7
8869,7
8996,7
9003,7
9095,7
9148,7
9216,7
9234,7
9248,7
9271,7
9317,7
9326,7
9342,7
9355,7
9375,7
9408,7
9412,7
9465,7
9469,7
9495,7
9503,7
9540,7
9549,7
9572,7
9575,7
9599,7
9619,7
9626,7
9640,7
9659,7
9662,7
9702,7
9735,7
9750,7
9777,7
9801,7
9813,7
9889,7
9928,7
9973,7
10068,7
10140,7
10161,7
75,6
300,6
360,6
558,6
590,6
715,6
722,6
736,6
853,6
914,6
1123,6
1126,6
1144,6
1162,6
1233,6
1290,6
1323,6
1505,6
1526,6
1576,6
1656,6
1721,6
1733,6
1798,6
1816,6
1917,6
1987,6
2052,6
2157,6
2207,6
2234,6
2302,6
2488,6
2525,6
2645,6
2669,6
2742,6
2771,6
2799,6
2802,6
2829,6
2917,6
3064,6
3073,6
3086,6
3150,6
3233,6
3256,6
3297,6
3335,6
3371,6
3373,6
3427,6
3502,6
3533,6
3558,6
3567,6
3603,6
3659,6
3709,6
3732,6
3769,6
3783,6
3818,6
3894,6
3926,6
3953,6
4073,6
4081,6
4184,6
4362,6
4444,6
4557,6
4576,6
4607,6
4645,6
4688,6
4729,6
4749,6
4752,6
4799,6
4807,6
4815,6
4818,6
4857,6
4866,6
4882,6
4896,6
4966,6
4997,6
5030,6
5045,6
5171,6
5270,6
5278,6
5389,6
5403,6
5409,6
5425,6
5439,6
5483,6
5523,6
5572,6
5607,6
5727,6
5783,6
5796,6
5803,6
5812,6
5969,6
5971,6
6026,6
6257,6
6294,6
6338,6
6453,6
6489,6
6508,6
6520,6
6542,6
6611,6
6667,6
6710,6
6757,6
6761,6
6765,6
6800,6
6835,6
6910,6
7043,6
7098,6
7171,6
7185,6
7215,6
7217,6
7451,6
7472,6
7553,6
7682,6
7698,6
7713,6
7740,6
7771,6
7808,6
7830,6
7838,6
7842,6
7887,6
7890,6
7933,6
7994,6
8052,6
8097,6
8109,6
8132,6
8146,6
8215,6
8292,6
8315,6
8360,6
8362,6
8396,6
8447,6
8535,6
8612,6
8716,6
8730,6
8753,6
8999,6
9005,6
9066,6
9070,6
9113,6
9134,6
9170,6
9221,6
9238,6
9282,6
9294,6
9335,6
9378,6
9379,6
9383,6
9484,6
9535,6
9537,6
9563,6
9581,6
9582,6
9603,6
9645,6
9665,6
9667,6
9668,6
9708,6
9774,6
9806,6
9835,6
9890,6
9942,6
9961,6
9970,6
10017,6
10078,6
10105,6
10121,6
10148,6
9,5
44,5
72,5
181,5
219,5
249,5
274,5
329,5
616,5
711,5
717,5
753,5
791,5
996,5
1094,5
1109,5
1118,5
1172,5
1277,5
1342,5
1369,5
1409,5
1453,5
1692,5
1766,5
1771,5
1933,5
2000,5
2005,5
2027,5
2060,5
2166,5
2188,5
2223,5
2227,5
2343,5
2361,5
2421,5
2504,5
2556,5
2626,5
2647,5
2663,5
2677,5
2686,5
2741,5
2798,5
2850,5
2895,5
2901,5
2925,5
2933,5
3115,5
3139,5
3152,5
3245,5
3251,5
3254,5
3313,5
3343,5
3369,5
3387,5
3426,5
3433,5
3451,5
3486,5
3548,5
3552,5
3560,5
3604,5
3606,5
3644,5
3660,5
3674,5
3718,5
3752,5
3822,5
3827,5
3881,5
3905,5
3906,5
3914,5
3939,5
3973,5
4007,5
4020,5
4091,5
4104,5
4155,5
4188,5
4224,5
4250,5
4282,5
4325,5
4329,5
4413,5
4515,5
4542,5
4579,5
4584,5
4667,5
4676,5
4830,5
4835,5
4888,5
4933,5
4938,5
5037,5
5134,5
5257,5
5292,5
5299,5
5333,5
5442,5
5560,5
5633,5
5945,5
5952,5
5955,5
5980,5
5981,5
6061,5
6122,5
6304,5
6328,5
6462,5
6493,5
6539,5
6595,5
6601,5
6612,5
6615,5
6618,5
6651,5
6671,5
6774,5
6775,5
6869,5
6873,5
6879,5
6993,5
7024,5
7040,5
7077,5
7085,5
7281,5
7323,5
7328,5
7387,5
7388,5
7430,5
7446,5
7456,5
7461,5
7466,5
7492,5
7495,5
7583,5
7696,5
7718,5
7737,5
7753,5
7814,5
7909,5
7941,5
7955,5
8038,5
8048,5
8160,5
8235,5
8246,5
8261,5
8279,5
8353,5
8397,5
8505,5
8680,5
8780,5
8791,5
8808,5
8824,5
8901,5
9030,5
9104,5
9121,5
9132,5
9147,5
9186,5
9225,5
9249,5
9273,5
9336,5
9338,5
9364,5
9396,5
9403,5
9424,5
9428,5
9454,5
9462,5
9479,5
9480,5
9486,5
9493,5
9557,5
9558,5
9593,5
9649,5
9653,5
9699,5
9704,5
9752,5
9771,5
9805,5
9868,5
9872,5
9995,5
9999,5
10079,5
10137,5
10150,5
149,4
200,4
267,4
406,4
712,4
723,4
755,4
810,4
832,4
882,4
929,4
982,4
995,4
1012,4
1074,4
1084,4
1114,4
1388,4
1449,4
1459,4
1477,4
1563,4
1622,4
1669,4
1697,4
1716,4
1751,4
1767,4
1836,4
1911,4
1952,4
2062,4
2080,4
2082,4
2128,4
2233,4
2394,4
2402,4
2412,4
2459,4
2552,4
2553,4
2567,4
2575,4
2598,4
2607,4
2651,4
2696,4
3002,4
3036,4
3062,4
3087,4
3138,4
3179,4
3202,4
3308,4
3359,4
3380,4
3445,4
3538,4
3563,4
3635,4
3672,4
3711,4
3789,4
3825,4
3832,4
3861,4
3904,4
3938,4
3952,4
3977,4
3996,4
4074,4
4090,4
4116,4
4130,4
4176,4
4179,4
4200,4
4218,4
4283,4
4299,4
4359,4
4365,4
4382,4
4399,4
4429,4
4459,4
4477,4
4586,4
4633,4
4654,4
4658,4
4674,4
4695,4
4704,4
4769,4
4777,4
4826,4
4892,4
4925,4
4957,4
4971,4
4989,4
5034,4
5129,4
5186,4
5196,4
5209,4
5233,4
5268,4
5371,4
5476,4
5477,4
5490,4
5554,4
5558,4
5605,4
5722,4
5737,4
5740,4
5892,4
6069,4
6078,4
6144,4
6192,4
6249,4
6285,4
6295,4
6406,4
6419,4
6473,4
6496,4
6592,4
6659,4
6689,4
6756,4
6827,4
6829,4
6848,4
6885,4
6887,4
6891,4
6907,4
6923,4
6985,4
7063,4
7106,4
7162,4
7248,4
7321,4
7340,4
7457,4
7537,4
7540,4
7555,4
7645,4
7650,4
7694,4
7758,4
7806,4
7818,4
7831,4
7843,4
7879,4
7966,4
8040,4
8064,4
8074,4
8095,4
8130,4
8403,4
8526,4
8534,4
8619,4
8628,4
8652,4
8732,4
8760,4
8768,4
8769,4
8829,4
8846,4
8870,4
8938,4
8948,4
9032,4
9088,4
9094,4
9143,4
9223,4
9239,4
9299,4
9334,4
9385,4
9404,4
9447,4
9450,4
9460,4
9482,4
9494,4
9596,4
9638,4
9684,4
9759,4
9822,4
9833,4
9846,4
9862,4
9892,4
9908,4
9913,4
9957,4
9958,4
9963,4
9969,4
9974,4
9976,4
10040,4
10170,4
74,3
185,3
223,3
237,3
243,3
246,3
304,3
307,3
346,3
456,3
536,3
566,3
582,3
630,3
641,3
663,3
813,3
920,3
1110,3
1132,3
1142,3
1143,3
1197,3
1205,3
1268,3
1363,3
1376,3
1530,3
1593,3
1618,3
1636,3
1661,3
1730,3
1750,3
1752,3
1829,3
1926,3
1931,3
1955,3
2038,3
2127,3
2140,3
2196,3
2210,3
2222,3
2298,3
2329,3
2346,3
2354,3
2423,3
2428,3
2430,3
2458,3
2486,3
2501,3
2514,3
2564,3
2609,3
2655,3
2692,3
2693,3
2699,3
2732,3
2735,3
2830,3
2854,3
2868,3
2893,3
3003,3
3063,3
3082,3
3083,3
3192,3
3235,3
3259,3
3282,3
3284,3
3365,3
3382,3
3412,3
3437,3
3457,3
3581,3
3592,3
3598,3
3599,3
3608,3
3631,3
3662,3
3673,3
3700,3
3728,3
3774,3
3775,3
3824,3
3831,3
3863,3
3978,3
4006,3
4018,3
4043,3
4101,3
4108,3
4207,3
4214,3
4369,3
4379,3
4480,3
4491,3
4574,3
4606,3
4616,3
4653,3
4660,3
4703,3
4739,3
4771,3
4775,3
4781,3
4788,3
4790,3
4802,3
4897,3
4900,3
4901,3
4940,3
4942,3
4965,3
4967,3
5049,3
5053,3
5054,3
5087,3
5112,3
5136,3
5249,3
5271,3
5290,3
5335,3
5348,3
5352,3
5598,3
5723,3
5751,3
5762,3
5801,3
5970,3
6126,3
6193,3
6271,3
6279,3
6303,3
6307,3
6309,3
6345,3
6388,3
6459,3
6469,3
6654,3
6713,3
6731,3
6820,3
6828,3
6850,3
6882,3
6911,3
6940,3
7055,3
7208,3
7214,3
7299,3
7333,3
7352,3
7416,3
7436,3
7487,3
7490,3
7505,3
7627,3
7629,3
7648,3
7674,3
7689,3
7699,3
7803,3
7815,3
7844,3
7851,3
7891,3
7929,3
7947,3
7951,3
7992,3
7999,3
8001,3
8062,3
8071,3
8093,3
8099,3
8163,3
8204,3
8207,3
8361,3
8367,3
8550,3
8589,3
8605,3
8653,3
9021,3
9034,3
9085,3
9120,3
9180,3
9189,3
9208,3
9237,3
9279,3
9308,3
9325,3
9345,3
9348,3
9360,3
9405,3
9410,3
9440,3
9443,3
9491,3
9562,3
9595,3
9612,3
9627,3
9639,3
9652,3
9673,3
9744,3
9756,3
9834,3
9881,3
9960,3
10020,3
10038,3
10065,3
10107,3
10126,3
10155,3
26,2
76,2
111,2
168,2
169,2
177,2
244,2
255,2
312,2
341,2
356,2
469,2
470,2
478,2
513,2
522,2
526,2
615,2
636,2
638,2
668,2
673,2
725,2
763,2
902,2
912,2
917,2
980,2
1019,2
1039,2
1099,2
1129,2
1176,2
1199,2
1256,2
1271,2
1344,2
1495,2
1514,2
1536,2
1592,2
1738,2
1764,2
1859,2
1878,2
1980,2
2035,2
2036,2
2045,2
2142,2
2187,2
2189,2
2277,2
2305,2
2340,2
2360,2
2438,2
2499,2
2506,2
2581,2
2595,2
2601,2
2629,2
2633,2
2679,2
2695,2
2784,2
2786,2
2801,2
2839,2
2872,2
2885,2
2931,2
2939,2
3025,2
3053,2
3071,2
3094,2
3102,2
3107,2
3124,2
3136,2
3153,2
3159,2
3201,2
3225,2
3262,2
3354,2
3405,2
3415,2
3425,2
3434,2
3456,2
3458,2
3517,2
3543,2
3564,2
3609,2
3610,2
3615,2
3617,2
3622,2
3633,2
3777,2
3778,2
3794,2
3843,2
3922,2
3946,2
3955,2
3975,2
4019,2
4024,2
4065,2
4083,2
4088,2
4170,2
4178,2
4189,2
4229,2
4291,2
4361,2
4376,2
4411,2
4456,2
4470,2
4481,2
4482,2
4490,2
4550,2
4608,2
4611,2
4619,2
4649,2
4662,2
4677,2
4679,2
4685,2
4689,2
4708,2
4746,2
4774,2
4776,2
4813,2
4881,2
4903,2
4926,2
4958,2
5000,2
5031,2
5056,2
5058,2
5137,2
5152,2
5269,2
5305,2
5402,2
5417,2
5434,2
5486,2
5557,2
5710,2
5712,2
5724,2
5763,2
5769,2
5772,2
5800,2
5814,2
5822,2
5854,2
5861,2
5867,2
5873,2
5875,2
5881,2
5894,2
5972,2
5992,2
5995,2
5996,2
6008,2
6105,2
6124,2
6156,2
6173,2
6179,2
6254,2
6275,2
6329,2
6332,2
6341,2
6348,2
6357,2
6358,2
6362,2
6382,2
6390,2
6395,2
6457,2
6488,2
6495,2
6498,2
6500,2
6513,2
6514,2
6550,2
6584,2
6613,2
6768,2
6813,2
6979,2
7023,2
7034,2
7049,2
7092,2
7096,2
7104,2
7161,2
7341,2
7342,2
7376,2
7412,2
7414,2
7415,2
7482,2
7489,2
7525,2
7644,2
7659,2
7705,2
7735,2
7748,2
7761,2
7762,2
7792,2
7793,2
7829,2
7837,2
7893,2
7918,2
7942,2
7956,2
7960,2
8007,2
8025,2
8035,2
8037,2
8136,2
8138,2
8168,2
8171,2
8176,2
8179,2
8182,2
8197,2
8218,2
8219,2
8242,2
8258,2
8272,2
8309,2
8320,2
8321,2
8323,2
8348,2
8554,2
8580,2
8595,2
8613,2
8670,2
8697,2
8719,2
8763,2
8809,2
8892,2
8903,2
8976,2
8982,2
9016,2
9019,2
9038,2
9081,2
9082,2
9101,2
9157,2
9169,2
9195,2
9196,2
9207,2
9209,2
9214,2
9261,2
9274,2
9306,2
9316,2
9356,2
9365,2
9392,2
9402,2
9407,2
9409,2
9431,2
9444,2
9508,2
9522,2
9527,2
9560,2
9564,2
9738,2
9743,2
9819,2
9858,2
9891,2
9899,2
9906,2
9943,2
9980,2
10011,2
10022,2
10063,2
10088,2
10116,2
10124,2
1100,1
1414,1
1734,1
1930,1
1965,1
2264,1
2293,1
2627,1
2708,1
2992,1
3054,1
3260,1
3363,1
3481,1
3613,1
3690,1
3786,1
3931,1
4026,1
4273,1
4274,1
4408,1
4479,1
4548,1
4589,1
6276,1
6769,1
7643,1
7763,1
7778,1
8010,1
8159,1
8565,1
8585,1
8588,1
8591,1
8695,1
8815,1
9075,1
9280,1
9467,1
9770,1
9860,1
9966,1
