source,n
15,1508
21,1181
176,1003
24,854
20,834
10,759
81,714
97,684
61,664
19,648
121,643
325,626
913,619
209,585
424,583
280,531
236,500
257,472
477,465
53,463
18,449
180,447
204,438
341,423
189,408
563,399
919,397
297,388
4198,383
35,374
346,363
33,356
412,354
595,351
408,351
49,336
196,333
86,328
914,322
114,320
168,319
80,315
92,308
926,305
166,305
682,302
0,284
9,278
228,275
71,274
72,272
323,271
1126,268
231,266
430,260
91,257
290,255
22,255
38,245
295,237
286,235
214,235
438,232
54,230
219,228
193,226
1014,223
920,219
41,217
156,210
335,208
46,206
14,205
129,201
478,200
169,191
462,188
99,184
294,183
1118,183
78,180
66,179
27,177
167,177
244,177
248,176
982,173
791,173
661,167
133,167
8,166
7,165
1009,165
93,165
607,165
234,162
62,160
586,159
363,156
149,155
527,154
30,154
110,151
561,151
75,149
946,148
455,148
340,147
50,145
239,145
453,145
457,143
981,143
82,143
65,142
352,142
1084,142
1288,141
28,141
174,139
1,137
1256,137
148,135
1125,134
445,133
1018,133
714,132
89,131
655,126
599,124
1076,124
331,123
284,122
625,122
837,121
1085,119
258,118
316,118
1051,117
582,116
52,116
1446,116
1007,116
122,116
26,114
185,114
243,114
705,114
223,113
158,113
164,112
1189,110
419,110
159,109
1036,108
336,107
497,107
1150,107
102,107
146,106
1116,105
889,104
470,103
178,102
90,102
1099,100
230,99
1306,99
134,99
274,98
184,98
1781,98
25,98
1442,97
675,97
3,97
218,97
389,96
73,93
6,93
126,92
923,92
1039,91
227,91
1135,91
2105,90
459,90
199,90
849,87
983,84
1332,83
351,83
1031,83
481,82
1195,82
654,81
547,81
740,80
858,79
1615,78
1631,78
1245,78
68,78
107,77
145,77
366,77
13,77
1030,77
1341,76
1263,76
79,76
690,76
484,76
165,76
431,75
496,74
602,74
302,74
242,73
364,73
183,73
392,73
233,72
380,72
16,72
1052,72
479,72
1752,72
171,71
31,71
1581,69
12,69
36,69
842,69
620,69
334,69
576,68
100,68
839,68
1080,68
1387,68
528,66
615,65
921,65
1184,65
143,65
1476,65
1415,65
163,65
117,64
1151,64
475,64
361,64
442,64
1103,64
339,63
545,63
1248,62
161,62
40,61
1021,61
1157,61
803,60
621,59
1307,59
1152,59
1384,59
822,59
856,59
648,58
876,58
807,58
116,58
2789,57
499,57
11,56
235,56
2339,56
356,55
881,55
916,55
933,55
553,55
541,55
862,54
1545,54
722,53
718,53
1684,53
901,53
375,53
1247,52
1149,52
232,52
1153,52
217,52
531,51
410,51
1024,51
322,51
1404,50
29,50
1047,50
141,50
1017,49
700,49
934,49
1032,49
160,48
1074,48
2176,48
924,48
562,47
1124,47
1010,47
441,47
287,46
1091,46
1352,46
247,46
1648,46
354,46
203,46
382,46
288,45
429,45
1015,45
846,45
1504,45
942,45
267,45
888,44
1435,44
507,44
468,44
1122,44
486,44
805,44
516,44
1577,43
1261,43
1434,43
783,43
1077,43
1187,43
2101,43
1337,43
1392,42
583,42
520,42
3099,42
292,42
495,42
696,42
790,42
4767,41
731,41
370,41
669,41
1692,41
1094,41
801,41
418,41
1211,41
206,41
4456,40
509,40
834,40
343,40
1395,40
521,40
279,40
212,40
694,39
1635,39
1086,39
374,39
1202,39
490,38
1244,38
594,38
902,38
1139,38
1323,37
194,37
1336,37
523,37
808,37
1333,37
388,37
1050,37
1128,37
792,37
106,37
777,37
867,37
1443,37
1166,36
917,36
1503,36
863,36
1240,36
597,36
893,36
1595,36
125,36
1283,35
1704,35
1364,35
3579,35
253,35
552,35
2030,35
514,35
1664,35
1120,35
303,35
1236,35
1281,34
513,34
1209,34
327,34
426,34
864,34
1947,34
132,34
399,34
978,34
1729,34
1528,34
181,34
1143,34
372,34
1518,33
485,33
769,33
1299,33
338,33
1207,33
1304,33
2040,33
249,33
298,33
1313,32
241,32
299,32
1561,32
483,32
1225,32
140,32
809,32
843,32
2428,31
3513,31
772,31
367,31
707,31
270,31
1731,31
3765,31
494,31
1890,31
1353,31
726,31
1363,31
67,30
263,30
911,30
83,30
1006,30
2574,30
387,30
518,30
957,30
551,29
666,29
574,29
1173,29
1399,29
2090,29
1115,29
1045,29
1349,29
4603,29
826,29
1359,29
918,28
1345,28
1326,28
535,28
2111,28
612,28
1805,28
1374,28
182,28
857,28
17,28
471,28
4482,27
2222,27
936,27
433,27
308,27
306,27
1136,27
600,27
47,27
744,27
758,27
993,27
43,27
721,27
752,27
833,27
680,26
747,26
197,26
1697,26
1257,26
1141,26
428,26
517,26
741,26
1584,26
1454,26
1104,26
5,26
990,26
1008,26
222,26
567,26
4305,26
1712,25
1369,25
2002,25
1407,25
1275,25
304,25
2231,25
1996,25
201,25
2630,25
1088,25
717,25
1493,25
1258,25
1613,25
1174,24
1915,24
565,24
1034,24
1483,24
1073,24
1320,24
695,24
1328,24
5193,24
2425,24
3000,24
1657,24
1514,24
1892,24
2141,24
186,24
58,24
282,24
170,24
493,24
289,24
119,24
4,24
213,24
1836,23
610,23
1994,23
991,23
482,23
1072,23
1376,23
506,23
735,23
266,23
1114,23
268,23
2045,23
1427,23
318,23
2126,23
556,23
1138,23
1162,23
444,23
651,23
1496,22
1679,22
537,22
1786,22
4333,22
1033,22
1179,22
377,22
1940,22
2189,22
865,22
2456,22
474,22
974,22
584,22
768,22
202,22
860,22
2774,22
385,22
1380,22
1016,22
452,22
2507,22
4274,21
1170,21
530,21
1160,21
859,21
883,21
2024,21
313,21
522,21
793,21
2091,21
750,21
1093,21
115,21
2817,21
355,21
362,21
1318,21
1098,21
2361,21
162,21
208,21
1381,21
1356,21
1305,21
3618,21
1379,21
1340,21
3421,21
401,20
1639,20
2053,20
519,20
1629,20
328,20
1433,20
773,20
1068,20
1987,20
1156,20
725,20
1286,20
1783,20
1789,20
1253,20
1372,20
1905,20
757,20
255,20
3531,20
1861,20
293,20
786,20
525,20
627,20
850,20
3172,20
568,20
1178,20
1297,20
2229,20
1876,20
173,19
1200,19
501,19
3009,19
1937,19
1280,19
703,19
2763,19
48,19
1243,19
1674,19
1154,19
3423,19
337,19
436,19
3857,19
1355,19
310,19
604,19
1957,19
1046,19
3121,19
526,19
1044,19
748,19
60,19
413,19
2343,19
1106,19
2113,19
542,19
421,19
564,19
861,18
644,18
559,18
649,18
1942,18
2154,18
634,18
2981,18
699,18
879,18
215,18
925,18
1633,18
3103,18
529,18
579,18
285,18
324,18
1628,18
1721,18
397,18
1409,18
2009,18
3417,18
2680,18
1081,18
1351,18
3589,17
825,17
2652,17
955,17
871,17
915,17
575,17
2118,17
2305,17
2142,17
220,17
3239,17
510,17
639,17
283,17
172,17
1127,17
686,17
1177,17
1475,17
646,17
1111,17
693,17
1193,17
1477,17
113,17
1716,17
629,17
190,17
733,17
1199,17
1035,17
358,17
64,16
139,16
4723,16
515,16
2266,16
4586,16
63,16
188,16
1123,16
1176,16
381,16
623,16
1773,16
2158,16
3292,16
1874,16
896,16
2910,16
1431,16
2418,16
762,16
1070,16
605,16
1079,16
1485,16
774,16
226,16
3008,16
353,16
2378,16
784,16
1656,16
580,16
1541,15
224,15
1461,15
276,15
2352,15
1319,15
2299,15
2310,15
2358,15
1513,15
191,15
2234,15
963,15
1818,15
1904,15
1804,15
177,15
1713,15
972,15
1408,15
1422,15
1096,15
961,15
1440,15
2047,15
949,15
2087,15
1636,15
2116,15
927,15
315,15
269,15
1158,15
1802,15
938,15
511,15
2633,15
2862,15
3098,15
656,15
2474,15
4854,15
713,15
3829,15
589,15
2404,15
2628,15
1425,14
931,14
1840,14
1543,14
1857,14
1386,14
1413,14
252,14
536,14
3888,14
1424,14
653,14
1183,14
488,14
1228,14
2184,14
998,14
1396,14
1159,14
3733,14
34,14
992,14
1959,14
2160,14
2525,14
912,14
1204,14
635,14
1255,14
2771,14
45,14
670,14
3688,14
1654,14
1101,14
4604,14
1113,14
1097,14
1302,14
2448,14
572,14
1640,14
2879,14
689,14
1338,14
1726,14
2109,14
524,14
3546,14
4400,14
1063,14
817,14
3045,13
2753,13
1627,13
1594,13
1100,13
2099,13
692,13
732,13
944,13
1612,13
1614,13
3007,13
631,13
4184,13
505,13
3023,13
281,13
2719,13
1644,13
1972,13
645,13
532,13
1868,13
128,13
1133,13
1502,13
840,13
1251,13
611,13
872,13
1373,13
1401,13
1377,13
256,13
1339,13
69,13
2491,13
2460,13
907,13
557,13
1368,13
2319,13
2445,13
237,13
1322,13
838,13
2183,13
2220,13
1854,12
2849,12
3123,12
811,12
1171,12
3415,12
1867,12
4504,12
1164,12
98,12
2194,12
2790,12
1181,12
549,12
1544,12
1602,12
2852,12
1765,12
2395,12
573,12
1630,12
2976,12
458,12
678,12
2463,12
2936,12
673,12
1621,12
3823,12
2933,12
2296,12
2272,12
3544,12
1603,12
2477,12
815,12
3086,12
671,12
996,12
2500,12
2022,12
640,12
3308,12
2155,12
2557,12
3363,12
2000,12
2135,12
964,12
1486,12
935,12
988,12
154,12
1467,12
1458,12
2166,12
2069,12
603,12
1227,11
1622,11
870,11
787,11
2971,11
2549,11
2036,11
1060,11
2661,11
2894,11
1606,11
1795,11
4112,11
780,11
819,11
1131,11
1663,11
3658,11
3964,11
2380,11
796,11
794,11
1667,11
708,11
2357,11
2982,11
1686,11
2321,11
711,11
1314,11
3052,11
2608,11
398,11
262,11
2681,11
369,11
3157,11
1531,11
1029,11
1563,11
5039,11
1532,11
601,11
2001,11
1831,11
975,11
1967,11
1238,11
1494,11
1533,11
417,11
2240,11
379,11
2011,11
2251,11
1578,11
2243,11
1826,11
3533,11
1512,11
198,11
1394,11
1823,11
1161,11
2861,11
1520,10
1241,10
142,10
1191,10
3154,10
1414,10
1192,10
240,10
3234,10
1282,10
1662,10
1430,10
1439,10
151,10
588,10
1597,10
3244,10
1605,10
4557,10
1610,10
1210,10
684,10
4597,10
590,10
3318,10
4117,10
1484,10
261,10
3236,10
1259,10
2972,10
2117,10
4895,10
1762,10
3994,10
728,10
2890,10
2510,10
976,10
2527,10
1824,10
4298,10
1837,10
930,10
2102,10
1864,10
2094,10
2067,10
2,10
1902,10
2029,10
1906,10
779,10
1951,10
989,10
2006,10
984,10
393,10
2486,10
4487,10
2265,10
2402,10
1078,10
1691,10
868,10
2301,10
3952,10
451,10
59,10
1102,10
719,10
1742,10
827,10
1671,10
245,9
2028,9
789,9
1327,9
3247,9
941,9
851,9
4181,9
238,9
2662,9
1214,9
1466,9
1295,9
2013,9
2676,9
1472,9
37,9
2004,9
1478,9
449,9
2453,9
3416,9
932,9
2148,9
434,9
2233,9
5131,9
2195,9
463,9
3510,9
898,9
3439,9
544,9
900,9
2307,9
1400,9
614,9
415,9
1254,9
2145,9
2469,9
3420,9
406,9
2308,9
456,9
1411,9
2561,9
2485,9
903,9
272,9
1812,9
1707,9
4502,9
2977,9
2833,9
1129,9
1749,9
1169,9
1846,9
1026,9
4197,9
3119,9
3114,9
3085,9
1755,9
2857,9
1822,9
3091,9
1814,9
1984,9
4330,9
2863,9
2876,9
4081,9
1054,9
715,9
1601,9
1703,9
3032,9
512,9
4791,9
3020,9
2732,9
701,9
2992,9
3158,9
4340,9
1920,9
712,9
2765,9
2775,9
3034,9
1329,8
3565,8
3501,8
216,8
2375,8
1652,8
2508,8
1378,8
1785,8
1714,8
3083,8
1647,8
4636,8
221,8
4668,8
2930,8
104,8
1794,8
1766,8
1700,8
2253,8
4638,8
1357,8
1362,8
2267,8
3550,8
2722,8
4361,8
2060,8
2043,8
2034,8
3153,8
51,8
1447,8
4365,8
1452,8
1907,8
1909,8
1464,8
3899,8
1945,8
1660,8
1949,8
3240,8
3184,8
87,8
1481,8
4043,8
1894,8
2601,8
2881,8
1866,8
2880,8
1398,8
2171,8
1583,8
2542,8
2554,8
4707,8
2123,8
2853,8
2121,8
1838,8
2567,8
2590,8
2104,8
3403,8
1858,8
3746,8
4018,8
3124,8
3021,8
560,8
376,8
995,8
1057,8
767,8
895,8
688,8
1291,8
1284,8
5356,8
853,8
1155,8
1061,8
443,8
577,8
1224,8
742,8
662,8
882,8
844,8
723,8
797,8
960,8
365,8
899,8
360,8
373,8
320,8
1019,8
439,8
1067,8
1119,8
1820,7
2580,7
3614,7
630,7
1623,7
2516,7
157,7
1229,7
1223,7
383,7
5021,7
2768,7
1420,7
1421,7
3019,7
3145,7
2487,7
2586,7
2492,7
1048,7
2298,7
663,7
1873,7
570,7
1022,7
2153,7
1526,7
2538,7
1490,7
1146,7
2689,7
1147,7
3775,7
3115,7
3593,7
1487,7
1598,7
2573,7
910,7
3538,7
5213,7
32,7
3707,7
422,7
4371,7
3936,7
887,7
1508,7
1144,7
135,7
3780,7
1460,7
2191,7
2655,7
1105,7
2707,7
3299,7
1898,7
3297,7
2658,7
1469,7
1470,7
130,7
2550,7
606,7
1899,7
2167,7
1206,7
3630,7
624,7
3148,7
1695,7
23,7
3189,7
4686,7
2073,7
4039,7
1168,7
1756,7
743,7
3331,7
1991,7
3879,7
1709,7
504,7
1083,7
2346,7
2095,7
1665,7
1342,7
4088,7
950,7
891,7
3205,7
2026,7
4803,7
2386,7
108,7
3344,7
2016,7
2387,7
3571,7
4207,7
2218,7
3677,7
2369,7
966,7
2057,7
2620,7
3805,7
835,7
4172,7
2788,7
706,7
2114,7
3231,7
704,7
756,7
647,7
1252,7
1780,7
85,7
1964,7
4177,7
761,7
1529,7
425,7
3737,7
2457,7
487,7
753,7
1276,7
3845,7
3322,7
2208,7
3169,7
676,7
4859,7
2814,7
4415,7
1778,7
1975,7
1871,6
3736,6
5124,6
2594,6
427,6
2599,6
3112,6
1862,6
1856,6
1869,6
3097,6
3548,6
1865,6
3563,6
1557,6
1569,6
469,6
2497,6
3818,6
2238,6
330,6
3159,6
3229,6
3166,6
2439,6
2437,6
1064,6
3789,6
2420,6
3179,6
1759,6
3470,6
3969,6
3188,6
848,6
1720,6
2366,6
1747,6
1743,6
3481,6
1734,6
3729,6
2470,6
3151,6
312,6
2241,6
3266,6
592,6
3435,6
307,6
1140,6
3261,6
3256,6
3255,6
1041,6
638,6
2511,6
1810,6
2502,6
123,6
3520,6
1808,6
636,6
1107,6
3450,6
2611,6
2931,6
2613,6
2762,6
3010,6
3840,6
928,6
2776,6
3016,6
1961,6
1412,6
3838,6
175,6
764,6
1958,6
987,6
4414,6
1393,6
1950,6
2130,6
2738,6
534,6
3041,6
2146,6
2718,6
2147,6
4599,6
2711,6
3609,6
1934,6
1966,6
2112,6
581,6
2070,6
2924,6
2042,6
2898,6
2896,6
2893,6
4028,6
2014,6
566,6
2954,6
1292,6
970,6
2964,6
2074,6
2995,6
502,6
3377,6
3333,6
2086,6
2088,6
3647,6
943,6
1370,6
3643,6
3325,6
558,6
1266,6
2161,6
447,6
2685,6
2197,6
555,6
3402,6
1186,6
2212,6
3076,6
778,6
3580,6
2692,6
2639,6
2193,6
4187,6
1911,6
2177,6
2640,6
1005,6
3075,6
3059,6
2621,6
2697,6
1893,6
5016,6
3586,6
1546,6
1208,6
672,6
3910,6
674,6
2667,6
1982,5
2093,5
2336,5
1976,5
1974,5
4015,5
4451,5
2096,5
74,5
3465,5
1763,5
3222,5
2344,5
3296,5
3284,5
1739,5
2377,5
1875,5
3722,5
2027,5
2037,5
4745,5
1870,5
4454,5
3992,5
1879,5
3474,5
2058,5
2059,5
5129,5
1881,5
4439,5
4731,5
2200,5
2082,5
1888,5
3764,5
1761,5
3747,5
2327,5
1787,5
613,5
1038,5
2172,5
2292,5
3982,5
1944,5
3305,5
1816,5
1941,5
2285,5
2282,5
2244,5
359,5
1825,5
1971,5
2169,5
2168,5
5111,5
877,5
1829,5
1938,5
1924,5
4316,5
3732,5
3398,5
3990,5
2293,5
3309,5
1012,5
3448,5
2192,5
4438,5
1968,5
2115,5
2232,5
3456,5
1965,5
3287,5
4768,5
2182,5
1797,5
3238,5
4046,5
886,5
3291,5
1914,5
2302,5
3315,5
922,5
4233,5
1807,5
3314,5
3293,5
4010,5
4108,5
1737,5
3110,5
2555,5
3116,5
2809,5
2800,5
2797,5
300,5
1590,5
1586,5
2552,5
2578,5
1260,5
2589,5
4497,5
665,5
3013,5
3553,5
5033,5
1609,5
3093,5
1270,5
317,5
2827,5
464,5
3129,5
2534,5
4114,5
4837,5
2706,5
660,5
1383,5
1268,5
1618,5
5034,5
659,5
4342,5
2994,5
3094,5
264,5
2521,5
1449,5
2665,5
2733,5
3587,5
3920,5
1497,5
3064,5
152,5
1491,5
473,5
2720,5
3044,5
2686,5
275,5
3606,5
1474,5
3050,5
2654,5
3583,5
2607,5
2627,5
1558,5
2612,5
4127,5
2766,5
3826,5
2764,5
1539,5
3697,5
2647,5
3577,5
3625,5
3624,5
39,5
1182,5
3029,5
1521,5
3527,5
1462,5
2520,5
2446,5
2466,5
1092,5
2464,5
548,5
1676,5
3872,5
823,5
1719,5
4104,5
3810,5
829,5
3960,5
1310,5
111,5
4543,5
643,5
2412,5
1708,5
4350,5
1082,5
832,5
3496,5
3180,5
225,5
2966,5
2903,5
1651,5
1365,5
2834,5
460,5
4270,5
2476,5
1725,5
2839,5
3518,5
1641,5
3136,5
2856,5
1637,5
5433,5
3861,5
816,5
2388,5
4007,4
4870,4
2734,4
724,4
2907,4
4866,4
2740,4
2736,4
2156,4
956,4
2731,4
2726,4
4742,4
954,4
2710,4
2713,4
4558,4
2921,4
2721,4
4516,4
2716,4
2127,4
4421,4
3356,4
2062,4
4970,4
4292,4
4748,4
4951,4
2868,4
2864,4
2110,4
2859,4
2851,4
2978,4
2124,4
3880,4
2818,4
4946,4
3884,4
2985,4
622,4
2988,4
759,4
3340,4
4321,4
2875,4
2953,4
4266,4
3901,4
2886,4
2962,4
2963,4
4927,4
2119,4
2987,4
2064,4
4966,4
2065,4
3342,4
4877,4
2780,4
3844,4
56,4
3833,4
869,4
2320,4
3977,4
4790,4
4449,4
2475,4
4448,4
435,4
4830,4
4536,4
812,4
4162,4
3938,4
2300,4
4313,4
5050,4
2498,4
461,4
4470,4
2287,4
2518,4
2273,4
3131,4
4463,4
3165,4
3975,4
2440,4
3202,4
2370,4
3200,4
2396,4
2368,4
4806,4
2367,4
3797,4
446,4
3192,4
3215,4
2421,4
2422,4
2345,4
2342,4
2429,4
2341,4
3221,4
855,4
2435,4
2438,4
875,4
2533,4
2704,4
2179,4
3077,4
2641,4
2642,4
3073,4
2656,4
3071,4
3923,4
2187,4
2669,4
3922,4
681,4
2536,4
4434,4
2683,4
3294,4
2170,4
4863,4
3913,4
683,4
2695,4
2165,4
2164,4
3998,4
2381,4
2205,4
472,4
3258,4
2258,4
2257,4
2254,4
2247,4
3779,4
885,4
798,4
2235,4
2562,4
3107,4
2581,4
2593,4
667,4
2602,4
3271,4
4849,4
5018,4
2614,4
2616,4
4771,4
4031,4
4013,4
4585,4
319,4
4325,4
3596,4
540,4
3547,4
3638,4
1203,4
3600,4
153,4
3449,4
187,4
4693,4
1262,4
1634,4
1121,4
3471,4
1953,4
3466,4
1488,4
4089,4
1977,4
1811,4
1109,4
1489,4
1649,4
985,4
1954,4
1963,4
4045,4
137,4
1269,4
1385,4
5374,4
1402,4
179,4
3645,4
1608,4
1616,4
1593,4
1218,4
1913,4
1782,4
539,4
1451,4
1889,4
4058,4
4082,4
1226,4
1441,4
1003,4
1004,4
1918,4
1887,4
1405,4
1932,4
5222,4
1771,4
3685,4
1249,4
1800,4
271,4
1215,4
1922,4
3530,4
3628,4
1589,4
1886,4
4719,4
1053,4
3446,4
3425,4
1559,4
1334,4
345,4
368,4
118,4
3699,4
967,4
3366,4
4279,4
3373,4
1335,4
3486,4
969,4
251,4
278,4
1293,4
344,4
4374,4
1522,4
1324,4
1542,4
1711,4
332,4
1710,4
4071,4
546,4
1523,4
4403,4
965,4
2023,4
1530,4
959,4
1702,4
3484,4
1059,4
3480,4
4091,4
3704,4
1500,4
1507,4
3552,4
1845,4
205,4
3651,4
3431,4
1733,4
1981,4
1980,4
1738,4
1860,4
1574,4
1510,4
4097,4
1346,4
42,4
1344,4
4609,4
3578,3
3935,3
591,3
2592,3
1576,3
5032,3
2625,3
5014,3
1570,3
2577,3
2566,3
1568,3
2605,3
3562,3
668,3
2576,3
1582,3
4125,3
3108,3
5027,3
4119,3
1553,3
3109,3
1565,3
2615,3
3543,3
2600,3
2588,3
3130,3
2559,3
1095,3
3512,3
3152,3
3514,3
2472,3
5056,3
4338,3
1666,3
3149,3
2489,3
3515,3
4032,3
1659,3
2483,3
2484,3
3144,3
813,3
2462,3
4678,3
4337,3
3507,3
2427,3
3497,3
4102,3
2432,3
3954,3
2434,3
3953,3
3170,3
1688,3
830,3
1089,3
2449,3
2451,3
2452,3
824,3
120,3
2490,3
1599,3
2541,3
5040,3
4196,3
5038,3
2535,3
2537,3
1619,3
3814,3
3815,3
3517,3
5272,3
2546,3
2548,3
1611,3
4343,3
3709,3
1148,3
804,3
1130,3
314,3
127,3
1655,3
2495,3
4309,3
1646,3
2503,3
5047,3
3713,3
4200,3
806,3
1643,3
3524,3
2513,3
1638,3
3526,3
4835,3
4345,3
1661,3
679,3
2842,3
2825,3
2826,3
195,3
1366,3
4940,3
1360,3
2980,3
3652,3
1375,3
4608,3
2846,3
2847,3
3878,3
716,3
1287,3
3876,3
4944,3
4173,3
785,3
2808,3
2793,3
3005,3
2799,3
1264,3
4883,3
4174,3
2807,3
4150,3
4291,3
2997,3
1267,3
2813,3
4151,3
1271,3
1273,3
3886,3
4358,3
246,3
1289,3
3862,3
2901,3
4919,3
3666,3
3864,3
2909,3
4916,3
2913,3
2915,3
1348,3
4912,3
1311,3
3669,3
4160,3
2923,3
3670,3
4909,3
2948,3
4352,3
4520,3
4616,3
1347,3
2866,3
2867,3
2967,3
1343,3
211,3
739,3
1290,3
2960,3
2958,3
4511,3
2884,3
500,3
2889,3
4619,3
508,3
4176,3
260,3
4650,3
3591,3
1495,3
3917,3
1492,3
3806,3
776,3
2684,3
3597,3
1463,3
2696,3
2698,3
476,3
3051,3
3601,3
3696,3
2703,3
3065,3
4190,3
1505,3
3067,3
4478,3
2638,3
1525,3
2643,3
4373,3
2648,3
4135,3
3925,3
5008,3
147,3
2657,3
1511,3
5006,3
3069,3
5298,3
3604,3
3047,3
2785,3
1419,3
2754,3
4527,3
4289,3
2757,3
1428,3
4256,3
1239,3
4875,3
4143,3
1418,3
4178,3
4634,3
760,3
2777,3
4963,3
4961,3
1429,3
3835,3
2748,3
4975,3
3693,3
4987,3
4366,3
1220,3
3039,3
4641,3
4490,3
480,3
4281,3
55,3
4979,3
5313,3
1232,3
3031,3
1233,3
3061,3
2493,3
1020,3
3462,3
3457,3
3233,3
637,3
3394,3
1872,3
1986,3
2150,3
4701,3
1801,3
4430,3
1049,3
980,3
357,3
103,3
633,3
1983,3
5123,3
1001,3
940,3
2294,3
2100,3
939,3
3393,3
1058,3
2315,3
2316,3
1933,3
3338,3
3278,3
4563,3
5207,3
4061,3
892,3
4023,3
4040,3
3744,3
2328,3
1779,3
420,3
3993,3
2325,3
1062,3
2323,3
2322,3
4572,3
440,3
2318,3
4062,3
1989,3
997,3
2289,3
4017,3
3257,3
3783,3
4011,3
95,3
2269,3
1948,3
3735,3
4708,3
4402,3
1844,3
1832,3
5114,3
4012,3
1841,3
2261,3
2138,3
2259,3
2134,3
3989,3
3310,3
2136,3
3262,3
1839,3
2271,3
2239,3
1979,3
5194,3
1815,3
3429,3
1817,3
3246,3
2283,3
3445,3
1023,3
2106,3
3771,3
4075,3
1851,3
1850,3
2278,3
3385,3
70,3
2277,3
2276,3
3250,3
1970,3
3991,3
404,3
4324,3
3223,3
2331,3
1775,3
3720,3
348,3
4565,3
1925,3
3201,3
1896,3
3419,3
2391,3
2390,3
4096,3
3483,3
2018,3
1926,3
2383,3
2382,3
3478,3
2017,3
5244,3
2196,3
2376,3
4312,3
2199,3
2050,3
4056,3
2371,3
1722,3
342,3
3289,3
836,3
4737,3
2415,3
962,3
4813,3
84,3
642,3
3412,3
3958,3
616,3
2020,3
953,3
3352,3
3285,3
3488,3
5380,3
2048,3
905,3
3195,3
4547,3
2250,3
3368,3
3282,3
2359,3
1065,3
3369,3
4583,3
4694,3
852,3
2347,3
2068,3
4795,3
1767,3
3476,3
423,3
2353,3
1760,3
2204,3
2350,3
4054,3
3422,3
1883,3
2349,3
105,3
4419,3
1746,3
2012,3
1751,3
3364,3
3211,3
3283,3
3213,3
2075,3
2063,3
1770,3
4411,3
2362,3
3742,2
3004,2
3405,2
4573,2
4717,2
3407,2
3399,2
3030,2
5419,2
702,2
626,2
3390,2
4290,2
3770,2
3028,2
3391,2
3839,2
3772,2
697,2
3298,2
4763,2
4631,2
3774,2
3633,2
3686,2
3626,2
3295,2
4722,2
3627,2
3401,2
3026,2
4635,2
4559,2
4871,2
3636,2
4879,2
2979,2
569,2
3657,2
3851,2
619,2
2952,2
3675,2
3760,2
4894,2
4734,2
2959,2
4747,2
4615,2
4570,2
3372,2
3375,2
3750,2
4891,2
3337,2
2968,2
3335,2
3345,2
3854,2
2969,2
2938,2
2932,2
3858,2
3358,2
2935,2
4568,2
2937,2
4739,2
3754,2
2939,2
3855,2
3354,2
4614,2
4905,2
3667,2
3362,2
2942,2
4903,2
3347,2
3762,2
2970,2
3842,2
727,2
3384,2
3321,2
3642,2
3320,2
4561,2
3386,2
3317,2
4725,2
4629,2
3644,2
5423,2
3389,2
4759,2
2998,2
4884,2
3312,2
3311,2
3002,2
2989,2
2986,2
3378,2
4726,2
720,2
4623,2
4562,2
3748,2
2973,2
2974,2
2975,2
3654,2
4753,2
3847,2
4754,2
3327,2
3383,2
3766,2
3650,2
3323,2
4890,2
3648,2
3623,2
4684,2
4602,2
3224,2
5421,2
3227,2
4579,2
3532,2
4277,2
3226,2
4551,2
3528,2
4836,2
3128,2
641,2
3463,2
3464,2
3132,2
3218,2
4834,2
4833,2
3217,2
3137,2
3469,2
658,2
3120,2
3139,2
3452,2
3731,2
3101,2
3822,2
3104,2
3242,2
4787,2
4533,2
4665,2
587,2
4534,2
3728,2
3706,2
3453,2
3541,2
3730,2
3537,2
3536,2
3230,2
4592,2
3816,2
3138,2
4796,2
44,2
3186,2
3487,2
3164,2
3191,2
3190,2
4680,2
3489,2
3801,2
3717,2
4821,2
3502,2
4824,2
596,2
4682,2
4542,2
3181,2
3491,2
4818,2
3498,2
3492,2
3493,2
3505,2
3716,2
3140,2
3795,2
3141,2
4588,2
3519,2
3142,2
3792,2
3475,2
4587,2
3794,2
4831,2
4689,2
4825,2
3812,2
4804,2
652,2
4827,2
533,2
4677,2
3509,2
3796,2
4826,2
3100,2
3243,2
3549,2
4773,2
4649,2
3598,2
3277,2
3054,2
3595,2
3056,2
3058,2
3275,2
3777,2
4774,2
3280,2
3830,2
3426,2
628,2
3176,2
4651,2
3063,2
3269,2
3590,2
3430,2
3279,2
3776,2
664,2
3040,2
3035,2
3410,2
3740,2
4280,2
3036,2
3037,2
3413,2
3834,2
3414,2
3690,2
3605,2
4868,2
538,2
3612,2
3043,2
609,2
685,2
4867,2
3607,2
608,2
3588,2
3268,2
3068,2
3564,2
3572,2
3570,2
3569,2
4655,2
3825,2
3444,2
4783,2
3566,2
4851,2
3249,2
3432,2
4785,2
3700,2
4659,2
4660,2
4847,2
4786,2
3551,2
585,2
632,2
3443,2
3573,2
3084,2
3698,2
4858,2
4776,2
3585,2
4556,2
3072,2
3584,2
543,2
5425,2
4857,2
3260,2
3441,2
3582,2
3581,2
3828,2
3079,2
3080,2
4781,2
4703,2
4653,2
3359,2
3673,2
4907,2
4042,2
1997,2
4225,2
1993,2
1992,2
1990,2
4041,2
979,2
4224,2
4416,2
394,2
1969,2
4413,2
4049,2
390,2
4050,2
4412,2
4038,2
977,2
4052,2
2031,2
2051,2
2049,2
2046,2
2044,2
2041,2
5171,2
5174,2
2025,2
973,2
2021,2
2019,2
5176,2
968,2
2007,2
4417,2
971,2
4220,2
4053,2
2280,2
1027,2
1863,2
4065,2
1848,2
371,2
4068,2
4069,2
4214,2
1028,2
1878,2
1827,2
4213,2
4401,2
1040,2
1813,2
1042,2
4076,2
4216,2
1884,2
5198,2
1912,2
1930,2
5199,2
1923,2
1919,2
4057,2
1916,2
96,2
5204,2
1885,2
1908,2
1002,2
1903,2
4218,2
1901,2
1900,2
1895,2
5170,2
5169,2
4422,2
5389,2
2215,2
4441,2
2210,2
2209,2
2203,2
5134,2
894,2
2188,2
2219,2
4437,2
2185,2
4436,2
4435,2
2178,2
904,2
4433,2
5126,2
5125,2
4320,2
2248,2
878,2
880,2
4442,2
5115,2
2255,2
432,2
2252,2
2246,2
2224,2
2245,2
884,2
2242,2
2236,2
5119,2
5120,2
5121,2
2173,2
4432,2
4431,2
2085,2
4428,2
402,2
4317,2
4019,2
4020,2
2092,2
4021,2
2084,2
4236,2
2083,2
4425,2
5164,2
2077,2
2076,2
2072,2
2071,2
403,2
929,2
4014,2
405,2
5144,2
2152,2
2928,2
416,2
5440,2
5148,2
2143,2
411,2
2140,2
2139,2
4234,2
2133,2
2132,2
5150,2
2129,2
1806,2
1796,2
4080,2
4183,2
5303,2
4186,2
4347,2
4367,2
1468,2
1213,2
1465,2
1459,2
1197,2
4182,2
5307,2
1455,2
1453,2
5347,2
5311,2
1444,2
1201,2
4188,2
4129,2
1527,2
5357,2
1540,2
4130,2
5292,2
1535,2
1180,2
1185,2
1524,2
5300,2
4136,2
1515,2
1188,2
4372,2
150,2
1190,2
1501,2
1222,2
5312,2
1437,2
1350,2
4359,2
4171,2
200,2
1361,2
1358,2
4349,2
1354,2
210,2
1436,2
4168,2
1300,2
1301,2
5331,2
4158,2
1312,2
4161,2
1278,2
4153,2
1272,2
5319,2
5345,2
4180,2
4179,2
1235,2
1237,2
1423,2
1417,2
1416,2
265,2
1410,2
1246,2
1403,2
1397,2
4175,2
5317,2
1547,2
1549,2
4083,2
1690,2
1715,2
5252,2
1705,2
4099,2
1699,2
4387,2
4103,2
1689,2
1717,2
1687,2
1685,2
1683,2
1682,2
1678,2
1675,2
5263,2
347,2
5251,2
1550,2
5238,2
1784,2
1777,2
4086,2
1769,2
1768,2
1066,2
5237,2
1757,2
1075,2
1753,2
1071,2
1745,2
1735,2
109,2
1724,2
5250,2
1669,2
326,2
4110,2
5281,2
296,2
1587,2
291,2
136,2
1580,2
1573,2
4121,2
1566,2
1108,2
1564,2
1163,2
4123,2
138,2
5284,2
4124,2
4377,2
1591,2
5275,2
131,2
1596,2
1653,2
5266,2
4201,2
1645,2
4111,2
124,2
5268,2
4113,2
1624,2
1137,2
4341,2
4115,2
1145,2
1604,2
301,2
5110,2
5146,2
2281,2
2829,2
2838,2
2836,2
2835,2
2570,2
5028,2
57,2
5407,2
4473,2
5025,2
2832,2
3883,2
3933,2
2583,2
2585,2
2569,2
2828,2
2595,2
2596,2
4947,2
2598,2
4250,2
2603,2
2604,2
5019,2
2816,2
2811,2
2610,2
2617,2
4507,2
5029,2
5017,2
5037,2
4296,2
3945,2
5049,2
2501,2
5046,2
2858,2
2512,2
2515,2
2517,2
3877,2
2523,2
2529,2
465,2
2539,2
2563,2
5036,2
802,2
4261,2
3937,2
2544,2
2850,2
2547,2
2551,2
800,2
2845,2
2556,2
4938,2
2558,2
2810,2
755,2
4465,2
4972,2
4495,2
2690,2
765,2
2694,2
3911,2
2702,2
2758,2
2705,2
4988,2
2709,2
2712,2
2715,2
4488,2
770,2
2772,2
4973,2
2723,2
4985,2
2752,2
4983,2
4980,2
2735,2
4978,2
3905,2
2751,2
2743,2
2744,2
2745,2
2682,2
4996,2
2624,2
2791,2
2802,2
2626,2
2629,2
2631,2
2632,2
2634,2
2635,2
3894,2
2637,2
5012,2
3895,2
2646,2
2792,2
2787,2
4965,2
3926,2
4480,2
2659,2
2786,2
4253,2
2664,2
5004,2
2668,2
4496,2
5000,2
2781,2
2678,2
4964,2
4931,2
2524,2
5055,2
2394,2
2360,2
3968,2
4913,2
4453,2
5085,2
2372,2
5084,2
2379,2
845,2
3965,2
2385,2
2389,2
2392,2
4241,2
2414,2
2905,2
2904,2
2398,2
2399,2
2479,2
2900,2
2400,2
841,2
3866,2
5077,2
2407,2
2897,2
2410,2
5089,2
2354,2
3970,2
3971,2
3859,2
2286,2
2288,2
2925,2
2290,2
2295,2
3860,2
874,2
5104,2
5103,2
3981,2
2920,2
866,2
437,2
2309,2
3978,2
2917,2
2317,2
2324,2
2326,2
2329,2
2332,2
5095,2
3974,2
2335,2
2340,2
854,2
5072,2
2750,2
4265,2
3869,2
2426,2
2458,2
2431,2
2887,2
4243,2
4925,2
2874,2
4464,2
2465,2
2442,2
2443,2
821,2
2882,2
736,2
5064,2
3951,2
2461,2
5062,2
2459,2
828,2
2878,2
454,2
2430,2
4295,2
2871,2
818,2
4244,2
2419,2
5070,2
4460,2
730,2
5058,2
2872,2
2478,2
5057,2
4355,1
4508,1
4594,1
4595,1
4293,1
4593,1
4353,1
4379,1
4301,1
4611,1
4509,1
4494,1
4364,1
4381,1
4601,1
4493,1
4286,1
4510,1
4297,1
4600,1
4363,1
4526,1
4380,1
4356,1
4346,1
4596,1
4610,1
4517,1
4501,1
4513,1
4503,1
4506,1
4369,1
4524,1
4607,1
4605,1
4300,1
4518,1
4606,1
4370,1
4360,1
4519,1
4514,1
4505,1
4500,1
4368,1
4375,1
4294,1
4357,1
4351,1
4522,1
4378,1
4299,1
4523,1
4598,1
4521,1
4499,1
4515,1
4362,1
4344,1
4498,1
4525,1
4376,1
4512,1
4348,1
4580,1
4492,1
4461,1
4540,1
4539,1
4424,1
4423,1
4322,1
4538,1
4564,1
4566,1
4567,1
4462,1
4323,1
4537,1
4420,1
4569,1
4288,1
4418,1
4571,1
4466,1
4310,1
4467,1
4468,1
4469,1
4471,1
4472,1
4326,1
4287,1
4327,1
4574,1
4308,1
4426,1
4541,1
4382,1
4319,1
4445,1
4554,1
4444,1
4447,1
4443,1
4555,1
4553,1
4552,1
4450,1
4314,1
4452,1
4440,1
4550,1
4549,1
4548,1
4315,1
4455,1
4429,1
4546,1
4545,1
4544,1
4457,1
4560,1
4311,1
4612,1
4458,1
4459,1
4318,1
4427,1
4575,1
4535,1
4307,1
4328,1
4393,1
4392,1
4391,1
4390,1
4584,1
4304,1
4481,1
4389,1
4483,1
4388,1
4335,1
4303,1
4336,1
4484,1
4529,1
4485,1
4486,1
4386,1
4528,1
4385,1
4384,1
4383,1
4339,1
4302,1
4589,1
4590,1
4489,1
4591,1
4491,1
4479,1
4394,1
4582,1
4306,1
4576,1
4410,1
4409,1
4577,1
4329,1
4408,1
4407,1
4532,1
4406,1
4405,1
4474,1
4578,1
4475,1
4404,1
4334,1
4476,1
4531,1
4399,1
4398,1
4331,1
4332,1
4397,1
4477,1
4446,1
4581,1
4396,1
4395,1
4530,1
4354,1
5069,1
4613,1
5231,1
5224,1
5225,1
5226,1
5227,1
5228,1
5229,1
5230,1
5232,1
5291,1
5233,1
5234,1
5235,1
5236,1
5239,1
5240,1
5241,1
5223,1
5221,1
5220,1
5219,1
5202,1
5203,1
5205,1
5206,1
5469,1
5208,1
5209,1
5210,1
5211,1
5212,1
5214,1
5215,1
5216,1
5217,1
5218,1
5242,1
5243,1
5245,1
5269,1
5271,1
5273,1
5274,1
5276,1
5277,1
5278,1
5279,1
5280,1
5282,1
5283,1
5285,1
5286,1
5287,1
5288,1
5289,1
5270,1
5267,1
5246,1
5265,1
5247,1
5248,1
5249,1
5468,1
5253,1
5254,1
5255,1
5256,1
5257,1
5258,1
5259,1
5260,1
5261,1
5262,1
5264,1
5201,1
5200,1
5197,1
5133,1
5136,1
5137,1
5138,1
5139,1
5140,1
5141,1
5142,1
5143,1
5145,1
5147,1
4284,1
5149,1
5151,1
5152,1
5153,1
5135,1
5132,1
5155,1
5130,1
5101,1
5102,1
5105,1
5106,1
5107,1
5108,1
5109,1
5112,1
5113,1
5116,1
5117,1
5118,1
5122,1
5127,1
5128,1
5154,1
5156,1
5196,1
5179,1
5181,1
5182,1
5471,1
5183,1
5184,1
5185,1
5186,1
5187,1
5188,1
5189,1
5190,1
5191,1
5192,1
5470,1
5195,1
5180,1
5178,1
5157,1
5177,1
5473,1
5158,1
5159,1
5472,1
5160,1
5161,1
5162,1
5163,1
5165,1
5166,1
5167,1
5168,1
5172,1
5173,1
5175,1
5290,1
5293,1
4617,1
5386,1
5382,1
5383,1
5384,1
5443,1
5385,1
5442,1
5441,1
5387,1
5294,1
5388,1
5390,1
5391,1
5392,1
5439,1
5438,1
5393,1
5381,1
5379,1
5444,1
5445,1
5368,1
5369,1
5450,1
5370,1
5371,1
5372,1
5449,1
5373,1
5448,1
5447,1
5375,1
5376,1
5377,1
5446,1
5378,1
5394,1
5395,1
5396,1
5412,1
5414,1
5432,1
5431,1
5415,1
5416,1
5417,1
5418,1
5420,1
5422,1
5424,1
5426,1
5430,1
5429,1
5427,1
5428,1
5413,1
5411,1
5437,1
5434,1
5397,1
5398,1
5436,1
5399,1
5400,1
5401,1
5402,1
5403,1
5404,1
5405,1
5406,1
5408,1
5409,1
5410,1
5435,1
5367,1
5451,1
5452,1
5318,1
5465,1
5321,1
5322,1
5464,1
5323,1
5324,1
5325,1
5326,1
5327,1
5328,1
5329,1
5463,1
5330,1
5332,1
5333,1
5320,1
5316,1
5335,1
5315,1
5295,1
5467,1
5296,1
5297,1
5299,1
5301,1
5302,1
5304,1
5305,1
5306,1
5308,1
5466,1
5309,1
5310,1
5314,1
5334,1
5336,1
5366,1
5353,1
5458,1
5355,1
5358,1
5457,1
5359,1
5456,1
5455,1
5360,1
5361,1
5362,1
5454,1
5363,1
5364,1
5453,1
5365,1
5354,1
5352,1
5462,1
5351,1
5337,1
5338,1
5339,1
5340,1
5461,1
5460,1
5341,1
5342,1
5343,1
5344,1
5346,1
5348,1
5349,1
5350,1
5459,1
5100,1
5099,1
5098,1
4772,1
4761,1
4762,1
4764,1
4765,1
4766,1
4769,1
4770,1
4775,1
5097,1
4777,1
4778,1
4779,1
4780,1
4782,1
4784,1
4788,1
4760,1
4758,1
4757,1
4756,1
4732,1
4733,1
4735,1
4736,1
4738,1
4740,1
4741,1
4743,1
4744,1
4746,1
4749,1
4750,1
4751,1
4752,1
4755,1
4789,1
4792,1
4793,1
4819,1
4822,1
4823,1
4828,1
4829,1
4832,1
4838,1
4839,1
4840,1
4841,1
4842,1
4843,1
4844,1
4845,1
4846,1
4848,1
4820,1
4817,1
4794,1
4816,1
4797,1
4798,1
4799,1
4800,1
4801,1
4802,1
4805,1
4807,1
4808,1
4809,1
4810,1
4811,1
4812,1
4814,1
4815,1
4730,1
4729,1
4728,1
4644,1
4646,1
4647,1
4648,1
4652,1
4654,1
4656,1
4657,1
4658,1
4661,1
4662,1
4663,1
4664,1
4666,1
4667,1
4669,1
4645,1
4643,1
4671,1
4642,1
4618,1
4620,1
4621,1
4622,1
4624,1
4625,1
4626,1
4627,1
4628,1
4630,1
4632,1
4633,1
4637,1
4639,1
4640,1
4670,1
4672,1
4727,1
4700,1
4704,1
4705,1
4706,1
4709,1
4710,1
4711,1
4712,1
4713,1
4714,1
4715,1
4716,1
4718,1
4720,1
4721,1
4724,1
4702,1
4699,1
4673,1
4698,1
4674,1
4675,1
4676,1
4679,1
4681,1
4683,1
4685,1
4687,1
4688,1
4690,1
4691,1
4692,1
4695,1
4696,1
4697,1
4850,1
4852,1
4853,1
5002,1
5005,1
5007,1
5009,1
5010,1
5011,1
5013,1
5015,1
5020,1
5022,1
5023,1
5024,1
5026,1
5030,1
5031,1
5035,1
5003,1
5001,1
5042,1
4999,1
4976,1
4977,1
4981,1
4982,1
4984,1
4986,1
4989,1
4990,1
4991,1
4992,1
4993,1
4994,1
4995,1
4997,1
4998,1
5041,1
5043,1
4971,1
5075,1
5078,1
5079,1
5080,1
5081,1
5082,1
5083,1
5086,1
5087,1
5088,1
5090,1
5091,1
5092,1
5093,1
5094,1
5096,1
5076,1
5074,1
5044,1
5073,1
5045,1
5048,1
5051,1
5052,1
5053,1
5054,1
5059,1
5060,1
5061,1
5063,1
5065,1
5066,1
5067,1
5068,1
5071,1
4974,1
4969,1
4855,1
4887,1
4889,1
4892,1
4893,1
4896,1
4897,1
4898,1
4899,1
4900,1
4901,1
4902,1
4904,1
4906,1
4908,1
4910,1
4911,1
4888,1
4886,1
4915,1
4885,1
4856,1
4860,1
4861,1
4862,1
4864,1
4865,1
4869,1
4872,1
4873,1
4874,1
4876,1
4878,1
4880,1
4881,1
4882,1
4914,1
4917,1
4968,1
4942,1
4945,1
4948,1
4949,1
4950,1
4952,1
4953,1
4954,1
4955,1
4956,1
4957,1
4958,1
4959,1
4960,1
4962,1
4967,1
4943,1
4941,1
4918,1
4939,1
4920,1
4921,1
4922,1
4923,1
4924,1
4926,1
4928,1
4929,1
4930,1
4932,1
4933,1
4934,1
4935,1
4936,1
4937,1
4285,1
2737,1
4283,1
2373,1
2384,1
2393,1
2397,1
2401,1
2403,1
2405,1
2406,1
2408,1
2409,1
2411,1
2413,1
2416,1
2417,1
2423,1
2424,1
2374,1
2365,1
2568,1
2364,1
2306,1
2311,1
2312,1
2313,1
2314,1
2330,1
2333,1
2334,1
2337,1
2338,1
2348,1
2351,1
2355,1
2356,1
2363,1
2433,1
2436,1
2441,1
2444,1
2509,1
2514,1
2519,1
2522,1
2526,1
2528,1
2530,1
2531,1
2532,1
2540,1
2543,1
2545,1
2553,1
2560,1
2564,1
2506,1
2505,1
2504,1
2471,1
2447,1
2450,1
2454,1
2455,1
2467,1
2468,1
2473,1
2499,1
2480,1
2481,1
2482,1
2488,1
2494,1
2496,1
2304,1
2303,1
2297,1
2174,1
2103,1
2107,1
2108,1
2120,1
2122,1
2125,1
2128,1
2131,1
2137,1
2144,1
2149,1
2151,1
2157,1
2159,1
2162,1
2098,1
2097,1
2089,1
2054,1
2032,1
2033,1
2035,1
2038,1
2039,1
2052,1
2055,1
2081,1
2056,1
2061,1
2066,1
2078,1
2079,1
2080,1
2163,1
2175,1
2291,1
2180,1
2228,1
2230,1
2237,1
2249,1
2256,1
2260,1
2262,1
2263,1
2264,1
2268,1
2270,1
2274,1
2275,1
2279,1
2284,1
2227,1
2226,1
2225,1
2206,1
2181,1
2186,1
2190,1
2198,1
2201,1
2202,1
2207,1
2223,1
2211,1
2213,1
2214,1
2216,1
2217,1
2221,1
2565,1
2571,1
2010,1
2848,1
2855,1
2860,1
2865,1
2869,1
2870,1
2873,1
2877,1
2883,1
2885,1
2888,1
2891,1
2892,1
2895,1
2899,1
2902,1
2854,1
2844,1
2572,1
2843,1
2805,1
2806,1
2812,1
2815,1
2819,1
2820,1
2821,1
2822,1
2823,1
2824,1
2830,1
2831,1
2837,1
2840,1
2841,1
2906,1
2908,1
2911,1
2912,1
2951,1
2955,1
2956,1
2957,1
2961,1
2965,1
2983,1
2984,1
2990,1
2991,1
2993,1
2996,1
2999,1
3001,1
3003,1
2950,1
2949,1
2947,1
2927,1
2914,1
2916,1
2918,1
2919,1
2922,1
2926,1
2929,1
2946,1
2934,1
2940,1
2941,1
2943,1
2944,1
2945,1
2804,1
2803,1
2801,1
2693,1
2651,1
2653,1
2660,1
2663,1
2666,1
2670,1
2671,1
2672,1
2673,1
2674,1
2675,1
2677,1
2679,1
2687,1
2688,1
2650,1
2649,1
2645,1
2597,1
2575,1
2579,1
2582,1
2584,1
2587,1
2591,1
2606,1
2644,1
2609,1
2618,1
2619,1
2622,1
2623,1
2636,1
2691,1
2699,1
2798,1
2700,1
2759,1
2760,1
2761,1
2767,1
2769,1
2770,1
2773,1
2778,1
2779,1
2782,1
2783,1
2784,1
2794,1
2795,1
2796,1
2756,1
2755,1
2749,1
2727,1
2701,1
2708,1
2714,1
2717,1
2724,1
2725,1
2728,1
2747,1
2729,1
2730,1
2739,1
2741,1
2742,1
2746,1
2015,1
2008,1
3011,1
948,1
952,1
958,1
986,1
994,1
999,1
1000,1
1011,1
1013,1
1025,1
1037,1
1043,1
1055,1
1056,1
1069,1
1087,1
951,1
947,1
1317,1
945,1
788,1
795,1
799,1
810,1
814,1
820,1
831,1
847,1
873,1
890,1
897,1
906,1
908,1
909,1
937,1
1090,1
1110,1
1112,1
1117,1
1234,1
1242,1
1250,1
1265,1
1274,1
1277,1
1279,1
1285,1
1294,1
1296,1
1298,1
1303,1
1308,1
1309,1
1315,1
1231,1
1230,1
1221,1
1175,1
1132,1
1134,1
1142,1
1165,1
1167,1
1172,1
1194,1
1219,1
1196,1
1198,1
1205,1
1212,1
1216,1
1217,1
782,1
781,1
775,1
448,1
311,1
321,1
329,1
333,1
349,1
350,1
378,1
384,1
386,1
391,1
395,1
396,1
400,1
407,1
409,1
309,1
305,1
277,1
144,1
76,1
77,1
88,1
94,1
101,1
112,1
155,1
273,1
192,1
207,1
229,1
250,1
254,1
259,1
414,1
450,1
771,1
466,1
691,1
698,1
709,1
710,1
729,1
734,1
737,1
738,1
745,1
746,1
749,1
751,1
754,1
763,1
766,1
687,1
677,1
657,1
550,1
467,1
489,1
491,1
492,1
498,1
503,1
554,1
650,1
571,1
578,1
593,1
598,1
617,1
618,1
1316,1
1321,1
2005,1
1788,1
1791,1
1792,1
1793,1
1798,1
1799,1
1803,1
1809,1
1819,1
1821,1
1828,1
1830,1
1833,1
1834,1
1835,1
1842,1
1790,1
1776,1
1325,1
1774,1
1723,1
1727,1
1728,1
1730,1
1732,1
1736,1
1740,1
1741,1
1744,1
1748,1
1750,1
1754,1
1758,1
1764,1
1772,1
1843,1
1847,1
1849,1
1852,1
1943,1
1946,1
1952,1
1955,1
1956,1
1960,1
1962,1
1973,1
1978,1
1985,1
1988,1
1995,1
1998,1
1999,1
2003,1
1939,1
1936,1
1935,1
1891,1
1853,1
1855,1
1859,1
1877,1
1880,1
1882,1
1897,1
1931,1
1910,1
1917,1
1921,1
1927,1
1928,1
1929,1
1718,1
1706,1
1701,1
1548,1
1471,1
1473,1
1479,1
1480,1
1482,1
1498,1
1499,1
1506,1
1509,1
1516,1
1517,1
1519,1
1534,1
1536,1
1537,1
1457,1
1456,1
1450,1
1389,1
1330,1
1331,1
1367,1
1371,1
1382,1
1388,1
1390,1
1448,1
1391,1
1406,1
1426,1
1432,1
1438,1
1445,1
1538,1
1551,1
1698,1
1552,1
1626,1
1632,1
1642,1
1650,1
1658,1
1668,1
1670,1
1672,1
1673,1
1677,1
1680,1
1681,1
1693,1
1694,1
1696,1
1625,1
1620,1
1617,1
1571,1
1554,1
1555,1
1556,1
1560,1
1562,1
1567,1
1572,1
1607,1
1575,1
1579,1
1585,1
1588,1
1592,1
1600,1
3006,1
3012,1
4282,1
3909,1
3914,1
3915,1
3916,1
3918,1
3919,1
3921,1
3924,1
3927,1
3928,1
3929,1
3930,1
3931,1
3932,1
3934,1
3939,1
3912,1
3908,1
4004,1
3907,1
3885,1
3887,1
3889,1
3890,1
3891,1
3892,1
3893,1
3896,1
3897,1
3898,1
3900,1
3902,1
3903,1
3904,1
3906,1
3940,1
3941,1
3942,1
3943,1
3979,1
3980,1
3983,1
3984,1
3985,1
3986,1
3987,1
3988,1
3995,1
3996,1
3997,1
3999,1
4000,1
4001,1
4002,1
3976,1
3973,1
3972,1
3955,1
3944,1
3946,1
3947,1
3948,1
3949,1
3950,1
3956,1
3967,1
3957,1
3959,1
3961,1
3962,1
3963,1
3966,1
3882,1
3881,1
3875,1
3799,1
3767,1
3768,1
3769,1
3773,1
3778,1
3781,1
3782,1
3784,1
3785,1
3786,1
3787,1
3788,1
3790,1
3791,1
3793,1
3763,1
3761,1
3759,1
3745,1
3727,1
3734,1
3738,1
3739,1
3741,1
3743,1
3749,1
3758,1
3751,1
3752,1
3753,1
3755,1
3756,1
3757,1
3798,1
3800,1
3874,1
3802,1
3843,1
3846,1
3848,1
3849,1
3850,1
3852,1
3853,1
3856,1
3863,1
3865,1
3867,1
3868,1
3870,1
3871,1
3873,1
3841,1
3837,1
3836,1
3813,1
3803,1
3804,1
3807,1
3808,1
3809,1
3811,1
3817,1
3832,1
3819,1
3820,1
3821,1
3824,1
3827,1
3831,1
4003,1
4005,1
3725,1
4202,1
4204,1
4205,1
4206,1
4208,1
4209,1
4210,1
4211,1
4212,1
4215,1
4217,1
4219,1
4221,1
4222,1
4223,1
4226,1
4203,1
4199,1
4006,1
4195,1
4157,1
4159,1
4163,1
4164,1
4165,1
4166,1
4167,1
4169,1
4170,1
4185,1
4189,1
4191,1
4192,1
4193,1
4194,1
4227,1
4228,1
4229,1
4230,1
4258,1
4259,1
4260,1
4262,1
4263,1
4264,1
4267,1
4268,1
4269,1
4271,1
4272,1
4273,1
4275,1
4276,1
4278,1
4257,1
4255,1
4254,1
4240,1
4231,1
4232,1
4235,1
4237,1
4238,1
4239,1
4242,1
4252,1
4245,1
4246,1
4247,1
4248,1
4249,1
4251,1
4156,1
4155,1
4154,1
4085,1
4051,1
4055,1
4059,1
4060,1
4063,1
4064,1
4066,1
4067,1
4070,1
4072,1
4073,1
4074,1
4077,1
4078,1
4079,1
4048,1
4047,1
4044,1
4026,1
4008,1
4009,1
4016,1
4022,1
4024,1
4025,1
4027,1
4037,1
4029,1
4030,1
4033,1
4034,1
4035,1
4036,1
4084,1
4087,1
4152,1
4090,1
4132,1
4133,1
4134,1
4137,1
4138,1
4139,1
4140,1
4141,1
4142,1
4144,1
4145,1
4146,1
4147,1
4148,1
4149,1
4131,1
4128,1
4126,1
4101,1
4092,1
4093,1
4094,1
4095,1
4098,1
4100,1
4105,1
4122,1
4106,1
4107,1
4109,1
4116,1
4118,1
4120,1
3726,1
3724,1
3014,1
3245,1
3251,1
3252,1
3253,1
3254,1
3259,1
3263,1
3264,1
3265,1
3267,1
3270,1
3272,1
3273,1
3274,1
3276,1
3281,1
3248,1
3241,1
3374,1
3237,1
3204,1
3206,1
3207,1
3208,1
3209,1
3210,1
3212,1
3214,1
3216,1
3219,1
3220,1
3225,1
3228,1
3232,1
3235,1
3286,1
3288,1
3290,1
3300,1
3341,1
3343,1
3346,1
3348,1
3349,1
3350,1
3351,1
3353,1
3355,1
3357,1
3360,1
3361,1
3365,1
3367,1
3370,1
3339,1
3336,1
3334,1
3313,1
3301,1
3302,1
3303,1
3304,1
3306,1
3307,1
3316,1
3332,1
3319,1
3324,1
3326,1
3328,1
3329,1
3330,1
3203,1
3199,1
3198,1
3111,1
3066,1
3070,1
3074,1
3078,1
3081,1
3082,1
3087,1
3088,1
3089,1
3090,1
3092,1
3095,1
3096,1
3102,1
3105,1
3062,1
3060,1
3057,1
3027,1
3015,1
3017,1
3018,1
3022,1
3024,1
3025,1
3033,1
3055,1
3038,1
3042,1
3046,1
3048,1
3049,1
3053,1
3106,1
3113,1
3197,1
3117,1
3167,1
3168,1
3171,1
3173,1
3174,1
3175,1
3177,1
3178,1
3182,1
3183,1
3185,1
3187,1
3193,1
3194,1
3196,1
3163,1
3162,1
3161,1
3134,1
3118,1
3122,1
3125,1
3126,1
3127,1
3133,1
3135,1
3160,1
3143,1
3146,1
3147,1
3150,1
3155,1
3156,1
3371,1
3376,1
3723,1
3621,1
3629,1
3631,1
3632,1
3634,1
3635,1
3637,1
3639,1
3640,1
3641,1
3646,1
3649,1
3653,1
3655,1
3656,1
3659,1
3622,1
3620,1
3379,1
3619,1
3574,1
3575,1
3576,1
3592,1
3594,1
3599,1
3602,1
3603,1
3608,1
3610,1
3611,1
3613,1
3615,1
3616,1
3617,1
3660,1
3661,1
3662,1
3663,1
3694,1
3695,1
3701,1
3702,1
3703,1
3705,1
3708,1
3710,1
3711,1
3712,1
3714,1
3715,1
3718,1
3719,1
3721,1
3692,1
3691,1
3689,1
3676,1
3664,1
3665,1
3668,1
3671,1
3672,1
3674,1
3678,1
3687,1
3679,1
3680,1
3681,1
3682,1
3683,1
3684,1
3568,1
3567,1
3561,1
3467,1
3428,1
3433,1
3434,1
3436,1
3437,1
3438,1
3440,1
3442,1
3447,1
3451,1
3454,1
3455,1
3458,1
3459,1
3460,1
3427,1
3424,1
3418,1
3395,1
3380,1
3381,1
3382,1
3387,1
3388,1
3392,1
3396,1
3411,1
3397,1
3400,1
3404,1
3406,1
3408,1
3409,1
3461,1
3468,1
3560,1
3472,1
3523,1
3525,1
3529,1
3534,1
3535,1
3539,1
3540,1
3542,1
3545,1
3554,1
3555,1
3556,1
3557,1
3558,1
3559,1
3522,1
3521,1
3516,1
3494,1
3473,1
3477,1
3479,1
3482,1
3485,1
3490,1
3495,1
3511,1
3499,1
3500,1
3503,1
3504,1
3506,1
3508,1
5474,1
