id,b_true,b_pred,n
0,-0.872148967,-0.668646061,58
1,0.408464231,0.255093424,101
2,-0.185345524,0.024734492,56
3,-2.11711975,-1.911972789,186
4,-0.330104609,-0.326795508,66
5,-1.13630197,-0.973852878,179
6,0.069501798,0.336147514,53
7,0.202830336,0.194383629,135
8,0.627229158,0.555315018,79
9,-1.275301056,-1.194247294,151
10,-1.48857445,-1.620960219,109
11,-0.562011423,-0.534738267,63
12,-1.258912161,-1.202496218,137
13,-0.465158806,-0.452627245,64
14,0.305539358,0.205221903,127
15,-0.621510529,-0.606179913,118
16,0.598657818,0.531744869,75
17,-0.048762265,0.091917411,156
18,0.960744339,0.857179362,185
19,1.370992315,1.631384219,71
20,1.053789232,1.098250194,94
21,1.18017255,1.173154191,146
22,-0.580148652,-0.481612045,115
23,-1.801048192,-1.565827454,92
24,-1.46866465,-1.504721936,126
25,-0.441259882,-0.417832187,138
26,-0.180627326,-0.107608195,78
27,0.916547524,0.948842221,81
28,-0.066536888,0.100191657,224
29,0.895248335,0.89627192,58
30,-1.581729532,-1.520570467,25
31,0.336734911,0.324760372,58
32,0.312275304,0.380273246,46
33,1.325191917,1.453870561,48
34,0.053558903,0.225609478,36
35,0.005488802,0.173599783,83
36,0.559047712,0.75149402,56
37,-0.84808274,-0.475029648,59
38,1.20349697,1.222441297,60
39,-0.151208717,-0.05501608,57
40,0.400921458,0.654179447,51
41,0.225641371,0.209072944,101
42,-0.680913959,-0.399530383,83
43,0.303438695,0.261822931,146
44,0.58044814,0.668800917,94
45,-0.367705573,-0.296917174,69
46,1.436154502,1.514322785,45
47,0.547141842,0.586291187,98
48,0.13103431,0.117678672,151
49,-1.593750665,-1.528543146,97
50,-0.841033669,-0.776879338,138
51,1.639894172,1.570727194,58
52,0.408760502,0.440764602,96
53,0.153860323,0.263605182,28
54,0.457391392,0.561937597,197
55,0.823484296,0.912227567,160
56,-0.213660634,-0.314671075,161
57,-0.91168594,-0.944678204,48
58,-0.915031775,-0.655257723,197
59,-0.484847739,-0.361263954,49
60,-0.458238996,-0.661016001,72
61,0.322338173,0.203493548,177
62,2.519191797,2.502365072,113
63,-0.785986146,-0.635077641,23
64,-0.459657356,-0.199938811,41
65,1.484996174,1.376005204,57
66,1.837344587,1.776217729,123
67,-0.719323527,-0.614799842,92
68,-0.882758214,-0.835152972,163
69,-0.738555472,-0.550723744,82
70,-0.456546963,-0.363224839,124
71,-1.161554255,-1.246210442,70
72,-0.075463013,-0.002555846,102
73,0.544537926,0.497235207,138
74,1.192234285,1.145206311,103
75,-1.010942921,-1.131471616,90
76,-0.566727976,-0.423442087,48
77,1.468910112,1.585401644,36
78,-0.086878132,-0.056036675,154
79,-1.139652601,-1.161442101,44
80,0.866687695,1.179595279,70
81,-0.129875815,0.05007517,48
82,0.181772915,0.165042758,48
83,0.427197572,0.284259847,65
84,-0.995289936,-0.941629158,93
85,-1.204204404,-1.28122752,60
86,0.4334106,0.508146923,87
87,-0.54925788,-0.491537579,53
88,0.621724636,0.58727762,73
89,-0.280662251,-0.340302229,81
90,-0.694067543,-0.40781459,114
91,-1.545498716,-1.522532293,85
92,1.619866599,1.812213532,134
93,-1.422425149,-1.29878019,69
94,1.211264649,1.262173938,56
95,0.184024501,0.101192175,65
96,1.932091441,1.917945621,109
97,-0.596290178,-0.217227735,93
98,-2.114305806,-1.914763878,59
99,0.572687688,0.538060426,91
100,-0.395807556,-0.571945514,110
101,0.290892076,0.458290365,52
102,0.63080437,0.539492179,132
103,0.276916747,0.4676834,73
104,-0.897475271,-0.62223776,22
105,-0.022655374,0.047478756,95
106,0.977573699,1.280033629,45
107,0.55454093,0.685285206,187
108,-0.884919662,-0.718246405,118
109,1.225592748,1.287804942,85
110,0.360296729,0.230470821,97
111,-0.781976955,-0.870785485,61
112,0.78361198,0.881307028,79
113,-1.09826563,-0.845249317,95
114,-0.696858316,-0.431611691,104
115,1.738109681,1.751861911,151
116,-0.604764409,-0.568861941,125
117,0.009923692,0.035067217,147
118,-0.331765968,0.153320125,55
119,-0.857953465,-0.82716893,101
120,-1.66268827,-1.511638229,163
121,0.559206354,0.628382433,98
122,-0.054953253,0.082013223,127
123,-2.34639426,-2.119295369,49
124,-1.077682918,-1.01987665,85
125,1.764234897,1.82282144,75
126,0.246085762,0.24183017,131
127,-1.916347346,-1.867625687,127
128,0.262143731,0.205554219,55
129,-0.41221085,-0.44268344,84
130,2.114723085,2.06418176,190
131,0.003138655,0.076164674,160
132,-1.297746551,-1.127507285,89
133,0.53861949,0.444770938,97
134,-0.065876438,0.132138709,66
135,-1.138228423,-1.205408696,98
136,-0.497315015,-0.489967091,29
137,1.56807875,1.939995196,27
138,0.18490507,0.156054311,114
139,0.66925011,0.490774472,84
140,1.620611654,1.514068574,90
141,0.990105448,0.912848594,140
142,0.217310497,0.471339477,100
143,1.879292243,1.884220138,74
144,0.987110083,1.04649701,95
145,0.96291149,1.09791367,76
146,3.015828445,2.83951429,98
147,0.234661381,0.303699524,53
148,1.134969012,1.236309292,77
149,-1.013166449,-0.873946516,152
150,1.219414246,1.158045479,132
151,-1.62741711,-1.473517371,102
152,0.552035489,0.913523768,170
153,0.776845549,0.858703238,163
154,0.785314597,0.739131617,53
155,-0.169530966,0.182633371,55
156,0.013633335,0.087341995,166
157,-0.034494366,0.011778306,115
158,1.678815993,1.758228731,138
159,-1.009949577,-1.030033983,58
160,-1.019181226,-1.152067052,26
161,-0.255542378,-0.24499,122
162,-1.05709162,-1.053422307,48
163,-0.617000478,-0.415807931,98
164,-0.149764639,0.000357154,177
165,0.223039334,0.163859095,83
166,-0.298266005,-0.280614181,70
167,-0.287707652,-0.056601506,144
168,-0.040708586,-0.211874135,44
169,0.473718977,0.723681683,23
170,1.093200304,1.079389687,74
171,-1.191122651,-1.316681778,95
172,0.377105654,0.369199907,110
173,-0.843558668,-0.896273152,100
174,0.326721828,0.466394128,67
175,-0.447380225,-0.361794306,118
176,-0.049855526,-0.175686877,29
177,0.096267829,0.261692533,88
178,-0.44588899,-0.593700659,147
179,-0.934822635,-0.892911659,118
180,-0.771714894,-0.929040287,103
181,-0.274790852,-0.259810402,76
182,-0.401428251,-0.517319871,112
183,2.125006067,2.020864869,72
184,-1.494120501,-1.323776278,99
185,0.252271736,0.404210122,127
186,1.145130561,1.144266272,47
187,0.037078933,0.254904408,157
188,-0.696734492,-0.645578369,24
189,-1.207258176,-1.369736051,21
190,-0.226586674,-0.238108765,114
191,0.787775786,0.724546196,130
192,0.513803089,0.737176784,134
193,2.233532005,2.181980518,167
194,0.533219449,0.519640711,145
195,0.511942603,0.532613701,105
196,1.424591629,1.456612384,78
197,-0.003380784,-0.230973256,94
198,-1.624359718,-1.552910803,88
199,0.046027474,0.072661062,150
200,-1.192838708,-1.182419523,132
201,0.588117416,0.685398628,143
202,0.238169266,0.24963055,118
203,0.985105203,1.089271434,139
204,-0.749467521,-0.693768151,107
205,0.67277018,0.858673819,58
206,-0.677825705,-0.589869468,55
207,0.508964652,0.553067503,154
208,1.401736438,1.67163233,73
209,0.1442078,0.261493458,123
210,-0.563571618,-0.451220144,169
211,0.660929589,0.613380486,44
212,0.048608784,0.085232853,219
213,0.107299509,0.309517185,172
214,0.697288614,0.806546687,45
215,0.305441172,0.405599574,53
216,-0.700715342,-0.778067873,143
217,1.181508692,1.476208994,68
218,-0.378676033,-0.29964596,152
219,-0.600236557,-0.507439485,94
220,-0.306818516,-0.166557655,130
221,-0.172732749,-0.087135408,138
222,-0.430373338,-0.230076252,116
223,0.797642372,1.031833572,81
224,0.782424882,0.799955472,124
225,-0.658652777,-0.748460417,120
226,-0.667868241,-0.410196633,131
227,-2.414389432,-2.330380391,47
228,0.30628233,0.03570568,45
229,0.092490001,-0.007747684,215
230,0.54656113,0.453965794,118
231,-0.112693287,-0.059017351,211
232,-0.674363338,-0.540513217,144
233,-0.496372701,-0.459663365,108
234,-0.659882663,-0.401250787,98
235,-1.251676296,-1.008593566,100
236,-0.436507917,-0.310530621,138
237,-1.222400961,-1.177117715,104
238,1.130177153,1.154972199,151
239,-0.401250678,-0.354746255,69
240,1.231275524,1.217768245,150
241,-0.641359261,-0.492454908,177
242,0.745956313,0.815621189,159
243,0.791053836,0.813195084,108
244,1.005005794,1.201083559,178
245,-0.042004427,-0.167726422,53
246,1.441336545,1.558336999,121
247,-0.788618384,-0.765393312,121
248,-1.612758069,-1.466755398,80
249,-1.299179523,-1.174572,165
250,-1.088349008,-0.869507211,76
251,0.593530377,0.45532041,55
252,1.499850181,1.461816187,137
253,0.531912944,0.511172107,172
254,1.09473771,1.350854397,65
255,0.597707892,0.569681481,71
256,-0.599828989,-0.401721562,174
257,-0.792326481,-0.652541884,77
258,-0.795087682,-0.728736687,151
259,0.666437646,0.836739623,40
260,0.985196894,1.118140266,117
261,0.030060742,-0.090906753,139
262,-1.53052868,-1.445486209,101
263,0.003131586,0.265426326,97
264,-1.046606022,-0.814271707,96
265,-0.455733383,-0.465160723,72
266,1.027618564,1.099708581,130
267,0.287442112,0.333296883,158
268,0.972013348,1.049387259,251
269,-0.000611887,0.106859967,74
270,-0.600734642,-0.308066051,174
271,0.857031395,1.032446435,58
272,0.807159814,0.830820174,108
273,-0.407076932,-0.286958067,25
274,-0.022399937,0.145091415,86
275,1.195551062,1.567361575,77
276,1.366518917,1.332137049,68
277,-0.239532929,-0.212720522,112
278,-1.198734355,-1.037186219,179
279,-1.541416779,-1.522719444,55
280,-0.23120644,-0.000611209,101
281,0.531437331,0.708506741,131
282,0.314344838,0.28548123,78
283,-0.210832413,-0.500525631,20
284,-1.473184217,-1.420894739,113
285,0.411673207,0.393462486,102
286,-0.26530105,-0.098852035,108
287,0.840762517,0.902165185,96
288,-0.109825551,-0.142453605,102
289,0.551791393,0.476185198,86
290,-1.116441516,-1.007064886,132
291,-1.154771146,-0.744406205,76
292,-0.287190151,-0.211501763,151
293,-0.950137365,-0.867864628,100
294,0.335130403,0.556407805,80
295,-0.31957227,-0.301636261,56
296,-0.039353352,0.004773786,89
297,0.016957895,0.045862045,50
298,0.190674622,0.051396358,68
299,0.083182578,0.103044771,138
300,1.024385616,1.007469767,195
301,1.259713264,1.22430416,48
302,-0.579929341,-0.666973523,104
303,1.333390294,1.37831637,207
304,2.054125303,2.115463103,76
305,0.852110006,0.604763381,169
306,1.718387393,1.652265497,101
307,2.456335336,2.456854804,184
308,-2.319884998,-2.191000245,100
309,1.406738591,1.439937888,68
310,0.663351509,0.753834677,143
311,1.408622962,1.428511859,64
312,-0.49864734,-0.2805981,91
313,-0.280870752,-0.089615781,133
314,0.784080995,0.970297738,90
315,-0.927772935,-0.932453589,134
316,-0.724700189,-0.705526283,85
317,0.320937249,0.385581887,101
318,0.658265578,0.651119755,135
319,-0.943625794,-0.894286324,49
320,0.473639234,0.745534618,77
321,-0.086454565,0.092701177,105
322,-0.572467416,-0.413268747,121
323,-1.057910708,-0.946535244,117
324,1.324118481,1.104107778,52
325,-0.312748826,-0.28459992,141
326,-0.1365482,-0.044701972,218
327,0.798652669,0.674626353,104
328,-1.907739522,-1.612769198,77
329,1.696121179,1.465680827,23
330,0.524173412,0.803046501,104
331,1.018140647,1.197691037,90
332,1.051194763,1.186596693,131
333,2.015129954,1.939299744,64
334,0.287160092,0.231378094,98
335,-0.805077745,-0.63955331,126
336,-0.326172081,-0.269047072,120
337,1.665234652,1.880329177,162
338,1.724532346,1.711070431,98
339,0.271934513,0.279714359,185
340,-0.071907933,0.090737921,77
341,-0.900545367,-0.85509599,118
342,-0.864870155,-0.720349262,100
343,-0.960944232,-0.876321795,80
344,-0.209555192,-0.201494915,115
345,-1.790728222,-1.632463529,48
346,0.369219235,0.384926689,103
347,-0.689457235,-0.472089597,59
348,0.864685112,0.670644672,104
349,-0.870952461,-0.793573142,151
350,-0.151239371,-0.158650657,40
351,0.676246327,0.664300746,82
352,0.500930033,0.540382838,82
353,0.735603491,1.040428731,130
354,1.124261276,1.290491973,152
355,-0.584913587,-0.51451964,101
356,0.634802399,0.679345919,154
357,0.380144294,0.539828445,75
358,-0.907094335,-0.85064962,168
359,0.867898011,0.931225578,144
360,0.234211668,0.098941044,47
361,-0.723628349,-0.632273521,98
362,2.13686661,2.270151878,130
363,0.85533497,0.810248653,87
364,0.71637292,0.505159622,57
365,1.646526499,1.781793778,131
366,1.016402895,1.145543426,87
367,-0.009745005,0.044919365,73
368,0.251909217,0.284287506,211
369,-0.855320986,-0.730635117,129
370,0.530534397,0.662208553,142
371,-0.447508869,-0.636657495,69
372,0.936459634,1.012636338,112
373,0.468645133,0.452714086,93
374,0.412904713,0.28777079,65
375,1.23221759,1.248159772,120
376,-3.195488059,-3.128201401,74
377,0.860331282,0.875705575,170
378,-0.900564012,-0.829846484,90
379,-0.270818366,-0.262211092,160
380,0.267830047,0.401406453,32
381,0.080087246,0.08091352,75
382,-0.619152158,-0.764457294,27
383,-0.352948236,-0.350004031,102
384,-0.959102034,-0.869453179,159
385,1.188960471,1.318020894,49
386,0.152269956,0.264962691,63
387,0.978285608,1.138983827,119
388,-0.536285056,-0.4154726,96
389,0.351027257,0.501771218,49
390,-1.647124093,-1.484740841,118
391,0.948605377,1.163220768,156
392,-0.329047416,-0.419416408,68
393,0.429015219,0.460771588,102
394,-1.074476559,-1.116571659,120
395,-1.093656429,-1.042410186,105
396,1.111404939,0.747232737,17
397,-0.819582473,-0.598995404,63
398,-0.449482234,-0.428528864,160
399,0.764037086,0.914674669,140
400,0.298644009,0.26444275,113
401,-1.281862388,-1.373313337,68
402,0.321897721,0.298961761,79
403,1.092828692,1.182982573,59
404,1.295250026,1.487008777,60
405,0.661478344,0.710223908,110
406,1.231021545,1.428574447,145
407,0.985179235,1.389542033,72
408,-0.317533897,-0.231180667,125
409,-0.055747404,0.177163495,33
410,0.173501566,0.294773104,94
411,-2.727001704,-2.741052491,71
412,0.082249912,-0.092053623,58
413,1.334911561,1.310227549,112
414,-0.863998752,-0.729481597,68
415,-0.344991199,-0.120012027,99
416,-0.220611977,-0.230326348,159
417,0.226250039,0.346062209,120
418,0.131211697,0.091969534,106
419,-2.242084062,-2.140884731,70
420,-1.199146196,-0.996117097,130
421,1.139711387,1.071869015,75
422,-1.467358679,-1.127074569,97
423,-0.623876677,-0.562166262,46
424,1.532348147,1.586700355,179
425,0.13127576,0.30796351,82
426,0.145743849,-0.027605812,68
427,0.656319928,0.690443187,223
428,-1.47003291,-1.479133366,124
429,0.06233007,0.243083075,119
430,-0.169914362,-0.313799892,60
431,-0.838752458,-0.722810618,55
432,-0.780146954,-0.733515747,58
433,-0.232841628,-0.241268213,79
434,0.075115714,0.322913566,28
435,-0.913337371,-0.630466948,213
436,0.271077124,0.312549819,92
437,0.893244772,1.025774046,240
438,-1.016975177,-0.899653732,67
439,-0.557471767,-0.35028322,50
440,-0.703499204,-0.743800792,94
441,1.130518539,1.164511394,30
442,-0.207318204,-0.083933316,45
443,0.569466684,0.533970127,46
444,0.26515777,0.361335536,59
445,1.111517096,1.288386349,68
446,0.743027208,0.884119378,78
447,-0.002652706,-0.135044975,45
448,0.354540121,0.375739493,81
449,1.023717868,0.955407895,47
450,0.421110963,0.538445391,57
451,0.231927746,0.310238082,154
452,-1.740717496,-1.642669275,98
453,0.349367714,0.446069947,104
454,-0.648506642,-0.710182295,229
455,0.368452202,0.521692598,70
456,0.098334586,-0.045953643,20
457,1.183863869,1.212447383,102
458,-0.725882697,-0.79646118,93
459,-0.381879553,-0.602973546,87
460,-0.406538698,-0.281364312,91
461,0.125532327,0.342580715,65
462,-0.078711946,0.040857951,40
463,2.225226101,2.185007646,147
464,0.388341038,0.397492334,82
465,1.233771471,1.407202111,127
466,-0.079798046,-0.165562774,111
467,-1.579684034,-1.761528518,130
468,-1.822956493,-1.533787518,94
469,-2.273466373,-2.284722232,123
470,-0.560809675,-0.514814597,121
471,-0.005694351,0.05548331,97
472,0.542600237,0.770502808,71
473,-0.478440955,-0.366050457,139
474,0.298279707,0.557969368,136
475,-1.05070485,-0.9639078,101
476,-0.847014064,-0.789669165,89
477,1.162077447,1.049265655,68
478,-0.201912252,-0.014370381,44
479,0.332964921,0.419582561,55
480,0.683206427,0.976874444,68
481,1.384460677,1.191735104,85
482,0.634513732,0.83713216,72
483,-0.363246522,-0.274871045,103
484,-0.021334228,0.005721025,101
485,-1.538719656,-1.611017528,73
486,0.179888668,0.246740547,169
487,-1.332057598,-1.374293105,44
488,-0.348996715,-0.579446127,96
489,-0.431203442,-0.396505837,150
490,1.222983317,1.242000833,114
491,-2.228675187,-2.128607232,85
492,-0.72882745,-0.885645014,37
493,0.15704819,0.211293901,101
494,-0.853939904,-0.769875963,173
495,-0.507585752,-0.46879358,107
496,1.304558206,1.257782756,43
497,0.331600081,0.517370674,60
498,-0.405911147,-0.592980586,80
499,0.482293789,0.523407319,108
500,0.037423041,-0.035863225,38
501,-0.087780951,-0.116878127,45
502,-0.64794368,-0.692432119,136
503,0.187383985,0.229361413,80
504,-0.644198257,-0.480740647,107
505,0.592952749,0.595187775,72
506,1.676537836,1.767728962,136
507,-1.134907786,-0.895348426,119
508,0.489215775,0.455986484,28
509,0.1991806,0.198084552,136
510,0.004164708,0.206811451,107
511,-0.113887279,0.036369844,95
512,-0.186099913,-0.254167659,148
513,-0.900726475,-0.839217511,99
514,0.824064829,0.656243443,54
515,0.512316011,0.447854975,106
516,1.443902432,1.602612722,74
517,0.042574635,0.015391702,141
518,-0.696978246,-0.620348914,73
519,-0.299201989,-0.221292867,69
520,-1.218604023,-0.918006571,45
521,-0.85507686,-0.970805822,79
522,-1.272877719,-1.230845259,70
523,0.297220626,0.339093518,47
524,-1.730663873,-1.656367663,186
525,1.241632573,1.227013998,56
526,-0.421867178,-0.409650101,89
527,0.418034237,0.360968068,84
528,0.647043924,0.848966842,140
529,0.166478504,0.336772153,142
530,1.715951615,1.567483457,140
531,-0.068294792,0.174837665,87
532,-0.42605492,-0.545939737,71
533,0.294533442,0.280993333,81
534,-1.506747378,-1.563395902,49
535,-0.722847194,-0.631876738,108
536,-0.075695676,-0.038193961,59
537,1.621516216,1.655820408,126
538,-0.631772177,-0.502601932,90
539,-0.340913009,-0.175417687,86
540,1.961746643,1.847601164,56
541,-0.05933131,-0.000899088,131
542,-0.271997218,-0.002417494,81
543,-0.363189054,-0.412504426,88
544,0.987205084,1.042776227,116
545,1.11368327,1.33889283,95
546,-0.506157756,-0.380185686,94
547,-0.18502011,-0.306536418,159
548,-0.145917456,-0.159999869,44
549,-1.021935916,-0.732328654,33
550,1.053963564,1.069331999,156
551,0.450497352,0.646041048,163
552,-1.393282785,-1.360537278,110
553,-0.607986506,-0.366336618,67
554,0.418279026,0.39876536,90
555,0.186859634,0.183560245,106
556,-0.629665772,-0.628977798,112
557,1.074179317,1.1774335,124
558,0.314845071,0.254751739,101
559,0.81556126,0.990862194,97
560,0.718139193,0.743834139,48
561,0.772285287,0.970871722,137
562,-0.307926239,-0.114232192,66
563,-0.462324409,-0.444999332,87
564,-0.978983399,-1.108518304,28
565,1.628516603,1.637751257,107
566,-0.865457897,-0.53779411,27
567,0.023481099,0.025988866,94
568,0.977831762,1.283605771,83
569,1.802189039,1.758455496,46
570,0.119881243,0.020655333,40
571,-1.076967804,-1.098097638,195
572,-0.234146017,-0.17131035,69
573,1.187349452,1.462921462,98
574,-1.402837032,-1.373705396,50
575,-0.609134647,-0.590914716,136
576,-1.480352923,-1.79176928,60
577,0.78596323,0.865182419,107
578,-0.907477544,-0.762808195,78
579,1.017372466,0.988622471,177
580,0.484188127,0.324689116,49
581,0.034539274,0.116111796,58
582,0.634298968,0.289572811,76
583,-0.317463111,0.079019542,94
584,0.836025058,0.920541062,103
585,-0.341540685,-0.559083524,44
586,-0.356322445,-0.220840403,43
587,-1.569677091,-1.824130507,66
588,0.070747339,-0.178796918,78
589,-0.580408763,-0.484900927,87
590,-0.153299629,-0.020197785,130
591,1.449418197,1.495131995,73
592,0.048052577,-0.1793394,18
593,-0.686991395,-0.505426582,70
594,0.283764568,0.35107648,112
595,-0.716431232,-0.703239116,98
596,-0.439171155,-0.366826011,99
597,-0.628908292,-0.460448493,104
598,0.052142305,0.090690157,121
599,-0.44010759,-0.228345807,105
600,0.175575943,0.009374989,71
601,0.540376916,0.504178406,97
602,-0.732018914,-0.638553488,143
603,0.230013598,-0.019479362,78
604,1.589432869,1.655708184,100
605,-0.850361875,-0.949073154,59
606,1.048954593,1.173352302,135
607,0.384861047,0.590084296,96
608,0.722053207,0.759085605,147
609,-0.338941287,-0.199655218,76
610,-0.954157741,-0.866794607,103
611,1.470026273,1.932256993,87
612,1.044515323,0.986001612,102
613,-0.795964251,-0.421762802,76
614,0.032548684,0.121241574,66
615,0.252188679,0.335194055,50
616,-0.553317771,-0.346924032,117
617,-0.881487451,-0.840781312,112
618,0.544460427,0.713614076,148
619,-0.049742875,0.298998886,108
620,0.274287181,0.457127326,185
621,1.334972964,1.330687867,107
622,0.918710255,1.150976723,119
623,-2.269138125,-2.115553126,53
624,-1.339416136,-1.244146906,123
625,-1.183915765,-1.35109119,21
626,0.952040766,1.104917346,112
627,-0.758380245,-0.749181346,73
628,0.514087539,0.495354788,150
629,2.013012374,2.169114113,89
630,-0.05112374,-0.035290718,184
631,-1.657495441,-1.622814759,170
632,0.764042295,0.810555127,112
633,1.804065502,1.998273006,109
634,-0.621061314,-0.4462094,83
635,-0.891862854,-0.755429621,102
636,0.589517654,0.638993128,201
637,0.081251484,0.159983793,73
638,-1.560594349,-1.406645653,101
639,-1.178796416,-1.07114179,141
640,0.279806435,0.376298227,57
641,1.188373294,0.979933686,129
642,1.604097961,1.729726437,135
643,-0.129276101,-0.214611659,79
644,-0.957755797,-0.907599807,126
645,-0.274660397,-0.253082897,191
646,-0.775648404,-0.519093338,73
647,0.957522824,0.976449227,65
648,0.03488203,0.188952475,83
649,1.921350819,2.032771606,224
650,-0.178286577,-0.142713938,145
651,-0.272431377,-0.341072438,85
652,-0.434942268,-0.371746573,75
653,1.678044432,1.753287034,123
654,0.469412597,0.584357694,121
655,1.249947527,1.305473315,164
656,-0.108464299,0.051451723,124
657,-0.700108784,-0.67892739,180
658,-1.29020357,-1.337857404,71
659,0.534605938,0.4612912,58
660,-0.472721966,-0.4412388,65
661,-1.112814057,-1.195809887,96
662,-0.210016192,-0.209643891,62
663,-1.874171614,-1.26170486,26
664,0.446592746,0.493870068,51
665,-0.329485064,-0.185213113,110
666,0.441665707,0.276709302,52
667,0.958094508,0.95004134,147
668,0.394001706,0.590726213,175
669,0.172515787,0.243563239,81
670,-0.297177399,-0.268183013,56
671,0.001204081,-0.001515247,153
672,-0.028038151,-0.046897664,118
673,-1.890719386,-1.852534325,143
674,-0.976096911,-0.993610993,127
675,0.976051358,1.066968868,50
676,1.515334574,1.414775412,95
677,0.590691786,0.504306569,75
678,0.956195733,1.062838171,86
679,0.7057633,0.680470147,95
680,0.325758262,0.355827697,125
681,0.160204743,0.276345759,86
682,-0.761298197,-0.669889087,159
683,1.230341285,1.197148345,111
684,0.314030563,0.474865896,129
685,-0.841842138,-0.732192212,100
686,0.693626444,0.669735747,100
687,0.885279731,0.789625154,96
688,-0.74457028,-0.628485345,131
689,-0.22664082,-0.072206172,136
690,-0.30325248,-0.339405539,82
691,1.87078352,1.827652945,180
692,-1.523354553,-1.386014519,80
693,-0.899290694,-0.727075717,132
694,1.108949632,1.164273187,105
695,0.09764275,0.169390451,89
696,-0.027853939,0.067116696,80
697,0.024144867,0.143030125,80
698,-1.740029483,-1.564090735,152
699,-1.4294953,-1.233235457,80
700,-0.895518295,-0.845609847,92
701,0.77614766,0.805935833,114
702,-0.059447065,0.01287142,77
703,-0.048384918,-0.100702992,69
704,-0.972130841,-0.958222348,54
705,0.519395062,0.566313218,67
706,-0.619825612,-0.656286812,148
707,-0.587496346,-0.532458218,75
708,1.632724005,1.753803295,193
709,1.059940702,1.237902845,80
710,-2.001478513,-1.927585488,106
711,1.050230853,0.875180554,19
712,-0.456105527,-0.540240533,67
713,-0.672743777,-0.741958565,77
714,-0.025385236,0.067188481,154
715,-1.331886463,-1.155009793,90
716,-0.491672014,-0.393894883,151
717,0.179696838,0.497599633,48
718,-0.189850694,0.153088064,97
719,-0.23323479,-0.159899832,40
720,1.342777389,1.348007035,172
721,0.126867127,0.209974217,190
722,-0.401687279,-0.097286561,97
723,0.844181167,0.610843,77
724,0.196329331,0.312662671,201
725,0.084680297,0.204983981,99
726,1.475733392,1.517069533,105
727,-1.381435484,-1.207317853,77
728,1.179316677,0.963466447,125
729,1.363918522,1.40868851,106
730,-0.79298011,-0.685923976,74
731,0.002736928,0.20435411,105
732,0.229435995,0.320098438,56
733,1.364905595,1.419246029,174
734,-0.243559941,-0.276944283,168
735,1.246137987,1.417644239,74
736,2.589963504,2.832781591,72
737,0.874448553,1.026253153,122
738,0.45504058,0.596373651,50
739,-1.316639758,-1.223724682,50
740,-0.633493518,-0.303010829,63
741,0.151010524,0.208391803,70
742,-0.953847265,-0.834012959,86
743,2.772904164,2.981032775,69
744,-0.237652958,-0.201948021,178
745,0.876819957,0.732590368,133
746,1.110573853,1.149845394,83
747,-1.548264061,-1.517562648,101
748,2.287297797,2.395777323,113
749,-0.987842088,-0.833383371,77
750,1.338300252,1.330809239,80
751,1.649694194,1.532584221,70
752,0.390817986,0.572624841,84
753,1.054800665,1.119531784,97
754,-2.026883827,-1.725107878,111
755,-0.319634682,-0.17616388,278
756,1.489661557,1.616657121,135
757,-0.316382221,-0.088599617,93
758,1.386471122,1.38524527,157
759,1.17509427,1.153293736,139
760,1.121036852,1.328867604,53
761,-0.414962908,-0.320945415,95
762,0.203152792,0.215938533,112
763,-1.450051236,-1.34263522,106
764,1.734263645,1.777328704,97
765,-0.198509752,-0.306142969,180
766,0.308089892,0.35583858,43
767,-0.913578632,-0.576630771,40
768,-1.419229967,-1.427659278,105
769,1.200461042,1.313189226,110
770,-0.923900442,-0.985134346,121
771,-1.91202507,-2.016938101,88
772,0.562464516,0.453490499,132
773,-1.560735711,-1.281498982,46
774,0.642318756,0.822120514,70
775,-1.258397766,-1.276787638,103
776,-0.619215828,-0.49493153,84
777,-0.863938028,-0.672865325,208
778,0.363151883,0.282482346,60
779,-0.845741854,-0.677169322,129
780,0.69917833,0.927150056,96
781,1.648909833,1.52269018,130
782,0.117208429,0.143206772,52
783,0.568146985,0.657941682,97
784,-1.12716552,-0.971073757,121
785,0.489353054,0.77110112,153
786,1.927319757,2.029568075,95
787,0.229666387,0.526562664,66
788,0.346326215,-0.246785217,23
789,-0.448658466,-0.28897004,135
790,0.121068588,0.366711546,130
791,-0.603980884,-0.606883269,150
792,1.328412469,1.650801757,70
793,-0.725345181,-0.764002839,97
794,-0.01677466,0.021855918,80
795,0.977155819,1.038959861,25
796,-1.414795567,-1.238824504,184
797,-0.120988924,-0.001795782,75
798,-0.494286006,-0.375776197,116
799,-0.189004916,-0.003683731,61
800,0.55638689,0.519634427,148
801,-0.166058148,0.129645854,97
802,-0.951203997,-0.770008203,174
803,-0.090335553,0.069574843,88
804,-0.134843775,0.082152171,104
805,0.64253355,0.853289973,117
806,0.1620025,0.191685359,211
807,0.396446855,0.445436075,175
808,-0.661240797,-0.621445354,91
809,0.382751426,0.352374116,105
810,0.35894808,0.244012604,83
811,-0.339444816,-0.202824357,147
812,0.49413907,0.650459981,45
813,-0.837166682,-0.604255319,78
814,-1.267086162,-1.208188308,70
815,-0.210541496,-0.338256431,85
816,0.697325654,0.761779417,139
817,0.189650755,0.02463155,168
818,-0.366049793,-0.270044711,162
819,-0.906815173,-0.847162461,111
820,0.649536802,0.767144392,157
821,-0.454671485,-0.298052806,164
822,-0.495126405,-0.406531878,128
823,-0.583000977,-0.523962729,109
824,1.552758344,1.600498189,103
825,0.094957642,0.039402036,129
826,-3.013424315,-2.8925562,109
827,-0.67613747,-0.750744455,75
828,0.838913815,0.801927723,169
829,-0.983683186,-1.018884187,101
830,-0.129184313,0.112699355,46
831,-0.64191088,-0.721076981,37
832,0.142437994,0.252800092,60
833,-0.576324497,-0.571299892,109
834,-0.646499027,-0.348459542,170
835,-0.787773429,-0.682792021,163
836,0.302847247,0.176563269,56
837,-0.90087238,-0.888340976,126
838,-1.895348904,-1.655815756,83
839,-0.086118086,-0.063360664,107
840,1.71191944,1.686909858,84
841,-1.530833584,-1.499356528,216
842,0.080382431,0.210985219,185
843,-0.510440071,-0.164196969,101
844,-1.722493485,-1.802299342,66
845,0.472586245,0.469723665,65
846,0.501685389,0.478979427,95
847,-1.054320722,-1.055462213,105
848,0.942685051,0.825702772,113
849,0.306561072,0.059427839,56
850,-0.73585724,-0.69032955,137
851,0.202205855,0.094282815,76
852,0.146686259,0.13589722,126
853,-1.889263208,-1.831106635,178
854,-0.106163701,0.317543781,63
855,-0.692235456,-0.58260485,221
856,-0.587399952,-0.423571657,108
857,0.556955574,0.648196281,113
858,-1.486265249,-1.158012581,23
859,0.077271298,0.139476163,48
860,-0.695796415,-0.675833647,49
861,1.227129855,1.037638556,47
862,-1.611763686,-1.596178738,107
863,-0.414019724,-0.187510937,42
864,-0.803897211,-0.731215276,80
865,1.442988136,1.203119911,22
866,-1.527595722,-1.531027773,96
867,-0.217633128,-0.119513808,122
868,1.321676193,1.360255128,97
869,-1.198693266,-1.1482443,102
870,0.079728191,0.074755853,172
871,-0.186801455,-0.709983315,21
872,0.602727852,0.669321215,109
873,-0.296852677,-0.239352356,65
874,0.980714594,1.18648494,108
875,-0.374534918,-0.31381144,18
876,0.336409199,0.450980746,84
877,0.239647976,0.024898812,77
878,0.338401256,0.535301426,51
879,-1.347528571,-1.155426287,89
880,-1.64874398,-1.571057538,115
881,0.824913461,0.648636177,91
882,-0.25448805,-0.064460484,84
883,-0.767298418,-0.679684613,119
884,-0.278655525,-0.147475706,175
885,-0.70769739,-0.540597011,55
886,-1.32625267,-0.913603364,63
887,-1.185150409,-1.086021659,86
888,-2.168050474,-2.145205763,122
889,0.998877489,0.946717233,89
890,-0.892156623,-0.773603027,172
891,-0.7830313,-0.769236698,127
892,-1.57689242,-1.539480066,161
893,-0.871684285,-0.918066437,65
894,-1.434734711,-1.407624862,102
895,-0.764175939,-0.662628972,177
896,1.951985694,1.505126245,69
897,-1.330807736,-1.480721638,102
898,0.744472976,0.819778409,57
899,0.519077157,0.735571326,86
900,0.189206529,0.128623561,61
901,-1.424349932,-1.316356631,117
902,1.982299947,1.963679165,171
903,-0.019014362,-0.011954098,51
904,-0.281009978,-0.334325771,108
905,1.217625602,1.236852593,102
906,0.222676946,0.383915331,104
907,0.480137213,0.439358155,161
908,0.514848752,0.629326324,89
909,1.587618982,1.568613667,50
910,-0.671279584,-0.681487382,112
911,0.243244695,0.503554312,60
912,1.39951618,1.662058951,165
913,1.265684455,1.266264772,66
914,-0.375785972,-0.150534155,114
915,-1.165142091,-0.96152176,216
916,-0.261440353,-0.278700568,265
917,-0.768576192,-0.771310667,159
918,-0.355380167,-0.294328303,98
919,-0.225983245,-0.217963268,115
920,-0.254278282,-0.272754128,93
921,-0.034690808,-0.09324658,113
922,0.350111121,0.370335253,70
923,-0.461300698,-0.262155979,157
924,0.399902607,0.399732018,134
925,-0.65979842,-0.687265091,144
926,0.455482159,0.379597973,62
927,-0.443280992,-0.242535003,72
928,1.057127611,0.837815775,17
929,0.265248921,0.462702833,131
930,2.02904404,2.153540778,147
931,1.101876113,1.094846911,81
932,1.670486992,1.532317575,41
933,2.432325604,2.544462692,74
934,0.259605202,0.255373286,42
935,-1.622324624,-1.444508797,104
936,1.171936856,1.293595551,135
937,-0.409841615,-0.489506622,125
938,1.034114324,0.987914626,39
939,-0.347432295,-0.396823464,94
940,-0.418357341,-0.585472187,122
941,-1.029659513,-0.828247064,75
942,-1.285717126,-1.232197568,117
943,-1.67727371,-1.705994345,99
944,-0.712939957,-0.583970744,61
945,-0.403082313,-0.465135287,82
946,0.647702011,0.693296902,90
947,-0.312389475,-0.256597697,83
948,-1.603589269,-1.442537861,46
949,0.478698766,0.573834894,112
950,0.181635221,0.166284206,86
951,-0.19119427,-0.093523495,178
952,-0.66362892,-0.355646622,78
953,-1.084977797,-1.114781466,83
954,1.289736352,1.295922705,54
955,0.986778203,0.98475528,90
956,2.087567577,2.180156147,64
957,0.587210149,0.912726889,91
958,-0.630110413,-0.637587941,103
959,0.190100194,0.088824071,60
960,0.12135809,0.20606722,67
961,0.665393344,0.75873688,72
962,0.315412332,0.374246949,81
963,-0.434320298,-0.180212585,42
964,-0.633776242,-0.270425988,49
965,-2.042871182,-1.844780937,97
966,-1.697372697,-1.51107905,183
967,-0.089922286,0.05888407,93
968,-0.054193502,0.129500647,109
969,1.536442484,1.57846544,157
970,-0.167836775,-0.358578975,64
971,0.50909756,0.720922109,62
972,0.169422704,0.025958034,38
973,-1.437539214,-1.45095757,87
974,0.851683021,0.963832457,188
975,0.611056786,0.730303443,144
976,-0.974350927,-0.826725671,54
977,-1.67479142,-1.598955742,102
978,1.291432653,1.178601114,52
979,0.210854508,0.536083831,78
980,-1.929361757,-1.746810148,53
981,2.368358417,2.5136406,57
982,-1.016579849,-0.86763212,117
983,0.990023681,0.717324794,103
984,0.982891663,1.125859375,107
985,0.902196009,1.048063794,59
986,-1.138232342,-1.28775954,119
987,1.072066227,0.95872051,122
988,0.784684189,0.965826803,51
989,0.700883319,0.88409403,99
990,0.065034671,0.02802569,46
991,0.681371505,0.825190069,83
992,-1.488277046,-1.491469739,98
993,0.691712757,0.28489299,49
994,0.205278763,0.126483693,104
995,-0.074880809,0.111710856,119
996,0.20691972,0.343231299,103
997,0.949001811,1.094005414,158
998,0.814822498,0.957175921,24
999,1.283742921,1.4230326,74
