,mode,N,sig2e,sig2b0,sig2b1,q0,spatial_embed_out_dim,experiment,exp_type,mse,sig2e_est,sig2b_est0,sig2b_est1,n_epochs,time
1,spatial_embedded,100000,1,0.1,0.1,100,1000,0,ohe,1.180788269,,,,25,47.52869916
2,spatial_embedded,100000,1,0.1,0.1,100,1000,0,lmm,1.24489284,1.234420776,0.675764561,,36,215.485786
3,spatial_embedded,100000,1,0.1,0.1,100,1000,0,ignore,1.236865958,,,,49,83.3056922
4,spatial_embedded,100000,1,0.1,0.1,100,1000,0,embed,1.238431971,,,,19,53.90204382
5,spatial_embedded,100000,1,0.1,1,100,1000,0,ohe,1.149416982,,,,41,72.65555525
6,spatial_embedded,100000,1,0.1,1,100,1000,0,lmm,1.156253605,1.192440033,0.732814431,,50,295.2009785
7,spatial_embedded,100000,1,0.1,1,100,1000,0,ignore,1.250723413,,,,28,47.07729673
8,spatial_embedded,100000,1,0.1,1,100,1000,0,embed,1.186756541,,,,28,74.42950869
9,spatial_embedded,100000,1,0.1,10,100,1000,0,ohe,1.197351926,,,,24,45.13022685
10,spatial_embedded,100000,1,0.1,10,100,1000,0,lmm,1.110502355,1.138593554,0.354753435,,30,180.9649661
11,spatial_embedded,100000,1,0.1,10,100,1000,0,ignore,1.199994725,,,,50,85.94373226
12,spatial_embedded,100000,1,0.1,10,100,1000,0,embed,1.239272522,,,,34,95.29022932
13,spatial_embedded,100000,1,1,0.1,100,1000,0,ohe,1.264532798,,,,24,42.29049397
14,spatial_embedded,100000,1,1,0.1,100,1000,0,lmm,1.16634019,1.134515643,0.148195863,,42,248.8326099
15,spatial_embedded,100000,1,1,0.1,100,1000,0,ignore,1.568340438,,,,72,121.3573568
16,spatial_embedded,100000,1,1,0.1,100,1000,0,embed,1.305081926,,,,22,58.62510514
17,spatial_embedded,100000,1,1,1,100,1000,0,ohe,1.262189387,,,,18,34.97332788
18,spatial_embedded,100000,1,1,1,100,1000,0,lmm,1.104201477,1.107070208,0.065865897,,43,252.7338297
19,spatial_embedded,100000,1,1,1,100,1000,0,ignore,1.554096234,,,,37,63.7068212
20,spatial_embedded,100000,1,1,1,100,1000,0,embed,1.21292877,,,,60,153.9730959
21,spatial_embedded,100000,1,1,10,100,1000,0,ohe,1.276455487,,,,21,39.38120341
22,spatial_embedded,100000,1,1,10,100,1000,0,lmm,1.079618767,1.089728355,0.035067946,,56,334.4070351
23,spatial_embedded,100000,1,1,10,100,1000,0,ignore,1.271617564,,,,43,73.62003326
24,spatial_embedded,100000,1,1,10,100,1000,0,embed,1.306435294,,,,27,71.05688071
25,spatial_embedded,100000,1,0.1,0.1,1000,1000,0,ohe,1.270098138,,,,18,39.41601491
26,spatial_embedded,100000,1,0.1,0.1,1000,1000,0,lmm,1.292249909,1.263428211,0.703839064,,24,148.5200703
27,spatial_embedded,100000,1,0.1,0.1,1000,1000,0,ignore,1.283358344,,,,50,89.38199782
28,spatial_embedded,100000,1,0.1,0.1,1000,1000,0,embed,1.321554505,,,,19,56.16987586
29,spatial_embedded,100000,1,0.1,1,1000,1000,0,ohe,1.270665093,,,,16,35.22518706
30,spatial_embedded,100000,1,0.1,1,1000,1000,0,lmm,1.20249208,1.197261333,0.599047959,,47,285.656522
31,spatial_embedded,100000,1,0.1,1,1000,1000,0,ignore,1.292660453,,,,16,30.27048707
32,spatial_embedded,100000,1,0.1,1,1000,1000,0,embed,1.216310208,,,,17,49.28710914
33,spatial_embedded,100000,1,0.1,10,1000,1000,0,ohe,1.289888944,,,,15,33.67701936
34,spatial_embedded,100000,1,0.1,10,1000,1000,0,lmm,1.124317422,1.138177276,0.117522039,,37,226.4618917
35,spatial_embedded,100000,1,0.1,10,1000,1000,0,ignore,1.18317613,,,,25,45.88203955
36,spatial_embedded,100000,1,0.1,10,1000,1000,0,embed,1.247046403,,,,46,123.3208308
37,spatial_embedded,100000,1,1,0.1,1000,1000,0,ohe,1.358618011,,,,21,44.78594661
38,spatial_embedded,100000,1,1,0.1,1000,1000,0,lmm,1.367734649,1.255859137,0.215376511,,65,376.1617684
39,spatial_embedded,100000,1,1,0.1,1000,1000,0,ignore,2.10943942,,,,49,84.49850154
40,spatial_embedded,100000,1,1,0.1,1000,1000,0,embed,1.324956719,,,,19,49.67812228
41,spatial_embedded,100000,1,1,1,1000,1000,0,ohe,1.40165709,,,,28,55.77191186
42,spatial_embedded,100000,1,1,1,1000,1000,0,lmm,1.178631463,1.012620687,0.005051841,,53,312.6047003
43,spatial_embedded,100000,1,1,1,1000,1000,0,ignore,1.658553804,,,,31,54.14713597
44,spatial_embedded,100000,1,1,1,1000,1000,0,embed,1.341249068,,,,27,75.96491504
45,spatial_embedded,100000,1,1,10,1000,1000,0,ohe,1.374293765,,,,21,43.27908969
46,spatial_embedded,100000,1,1,10,1000,1000,0,lmm,1.148195508,1.119574785,0.018796343,,45,268.9896595
47,spatial_embedded,100000,1,1,10,1000,1000,0,ignore,1.355913013,,,,35,63.1559217
48,spatial_embedded,100000,1,1,10,1000,1000,0,embed,1.319440725,,,,26,72.65383434
49,spatial_embedded,100000,1,0.1,0.1,10000,1000,0,ohe,1.521572719,,,,13,99.05542445
50,spatial_embedded,100000,1,0.1,0.1,10000,1000,0,lmm,1.220993208,1.247082829,0.78428334,,27,164.1440539
51,spatial_embedded,100000,1,0.1,0.1,10000,1000,0,ignore,1.241285583,,,,45,80.68676376
52,spatial_embedded,100000,1,0.1,0.1,10000,1000,0,embed,1.587596848,,,,17,50.85166407
53,spatial_embedded,100000,1,0.1,1,10000,1000,0,ohe,1.544661215,,,,13,101.0091898
54,spatial_embedded,100000,1,0.1,1,10000,1000,0,lmm,1.181441369,1.16536212,0.303448379,,41,245.1254029
55,spatial_embedded,100000,1,0.1,1,10000,1000,0,ignore,1.260283702,,,,36,64.18114781
56,spatial_embedded,100000,1,0.1,1,10000,1000,0,embed,1.626374533,,,,15,44.26902795
57,spatial_embedded,100000,1,0.1,10,10000,1000,0,ohe,1.577974962,,,,13,96.31593657
58,spatial_embedded,100000,1,0.1,10,10000,1000,0,lmm,1.134565514,1.148018003,0.113635942,,37,216.6596665
59,spatial_embedded,100000,1,0.1,10,10000,1000,0,ignore,1.21837006,,,,18,31.63635325
60,spatial_embedded,100000,1,0.1,10,10000,1000,0,embed,1.611025706,,,,16,45.49506545
61,spatial_embedded,100000,1,1,0.1,10000,1000,0,ohe,1.727800069,,,,16,109.9587133
62,spatial_embedded,100000,1,1,0.1,10000,1000,0,lmm,1.542017609,1.346156478,1.13166368,,63,363.4806507
63,spatial_embedded,100000,1,1,0.1,10000,1000,0,ignore,2.23589045,,,,22,39.02097344
64,spatial_embedded,100000,1,1,0.1,10000,1000,0,embed,1.646244339,,,,16,44.81992245
65,spatial_embedded,100000,1,1,1,10000,1000,0,ohe,1.645884879,,,,13,95.00146008
66,spatial_embedded,100000,1,1,1,10000,1000,0,lmm,1.177437712,1.017935753,0.027522765,,40,231.8627813
67,spatial_embedded,100000,1,1,1,10000,1000,0,ignore,1.771761935,,,,62,103.1091223
68,spatial_embedded,100000,1,1,1,10000,1000,0,embed,1.685710076,,,,17,48.39896035
69,spatial_embedded,100000,1,1,10,10000,1000,0,ohe,1.659918683,,,,14,98.87704325
70,spatial_embedded,100000,1,1,10,10000,1000,0,lmm,1.091894799,1.13666141,0.046002429,,30,177.6288743
71,spatial_embedded,100000,1,1,10,10000,1000,0,ignore,1.336937001,,,,48,80.88851762
72,spatial_embedded,100000,1,1,10,10000,1000,0,embed,1.70826042,,,,17,47.29057336
,spatial_embedded,100000,1,0.1,0.1,100,1000,0,ohe,1.242612788,,,,20,38.97751045
,spatial_embedded,100000,1,0.1,0.1,100,1000,0,lmm,1.218838414,1.210906863,0.598728418,,49,283.9160914
,spatial_embedded,100000,1,0.1,0.1,100,1000,0,ignore,1.257925975,,,,28,47.69234204
,spatial_embedded,100000,1,0.1,0.1,100,1000,0,embed,1.186766709,,,,70,184.4553583
,spatial_embedded,100000,1,0.1,0.1,100,1000,1,ohe,1.223305523,,,,26,45.15808702
,spatial_embedded,100000,1,0.1,0.1,100,1000,1,lmm,1.186822122,1.215247869,0.281012267,,61,346.959511
,spatial_embedded,100000,1,0.1,0.1,100,1000,1,ignore,1.266303242,,,,32,54.02785254
,spatial_embedded,100000,1,0.1,0.1,100,1000,1,embed,1.243258475,,,,18,46.79060435
,spatial_embedded,100000,1,0.1,1,100,1000,0,ohe,1.244563792,,,,17,30.55486774
,spatial_embedded,100000,1,0.1,1,100,1000,0,lmm,1.197488085,1.20754838,0.622036278,,63,357.7385681
,spatial_embedded,100000,1,0.1,1,100,1000,0,ignore,1.23845773,,,,25,42.39376974
,spatial_embedded,100000,1,0.1,1,100,1000,0,embed,1.239757913,,,,23,61.57363033
,spatial_embedded,100000,1,0.1,1,100,1000,1,ohe,1.218069564,,,,24,41.88310862
,spatial_embedded,100000,1,0.1,1,100,1000,1,lmm,1.17308417,1.190036654,0.18337293,,53,303.2599137
,spatial_embedded,100000,1,0.1,1,100,1000,1,ignore,1.240496591,,,,38,63.76966166
,spatial_embedded,100000,1,0.1,1,100,1000,1,embed,1.142625427,,,,68,177.7474833
,spatial_embedded,100000,1,0.1,10,100,1000,0,ohe,1.234129316,,,,23,39.93907046
,spatial_embedded,100000,1,0.1,10,100,1000,0,lmm,1.134257277,1.132073641,0.124031588,,44,252.8396239
,spatial_embedded,100000,1,0.1,10,100,1000,0,ignore,1.236011579,,,,25,42.88174391
,spatial_embedded,100000,1,0.1,10,100,1000,0,embed,1.183549245,,,,21,55.4630537
,spatial_embedded,100000,1,0.1,10,100,1000,1,ohe,1.186614234,,,,54,93.36027479
,spatial_embedded,100000,1,0.1,10,100,1000,1,lmm,1.084889264,1.12991178,0.133958787,,56,318.5358148
,spatial_embedded,100000,1,0.1,10,100,1000,1,ignore,1.234253809,,,,18,31.32245851
,spatial_embedded,100000,1,0.1,10,100,1000,1,embed,1.223111291,,,,24,63.36214709
,spatial_embedded,100000,1,1,0.1,100,1000,0,ohe,1.294393031,,,,37,63.45658302
,spatial_embedded,100000,1,1,0.1,100,1000,0,lmm,1.125927042,1.127529502,0.021566316,,53,302.4363112
,spatial_embedded,100000,1,1,0.1,100,1000,0,ignore,1.486555658,,,,90,149.1836822
,spatial_embedded,100000,1,1,0.1,100,1000,0,embed,1.240746926,,,,37,96.2879498
,spatial_embedded,100000,1,1,0.1,100,1000,1,ohe,1.298894255,,,,37,62.62602758
,spatial_embedded,100000,1,1,0.1,100,1000,1,lmm,1.121478162,1.095901608,0.034148876,,72,407.1803102
,spatial_embedded,100000,1,1,0.1,100,1000,1,ignore,1.550634805,,,,71,119.4446292
,spatial_embedded,100000,1,1,0.1,100,1000,1,embed,1.270892775,,,,39,101.9113214
,spatial_embedded,100000,1,1,1,100,1000,0,ohe,1.228295546,,,,51,87.78999162
,spatial_embedded,100000,1,1,1,100,1000,0,lmm,1.10085259,1.095727563,0.054952934,,43,246.9869812
,spatial_embedded,100000,1,1,1,100,1000,0,ignore,1.369970059,,,,45,75.74691629
,spatial_embedded,100000,1,1,1,100,1000,0,embed,1.287658429,,,,18,48.34057665
,spatial_embedded,100000,1,1,1,100,1000,1,ohe,1.233428984,,,,39,70.32334733
,spatial_embedded,100000,1,1,1,100,1000,1,lmm,1.082879162,1.098503113,0.042202089,,42,243.6526332
,spatial_embedded,100000,1,1,1,100,1000,1,ignore,1.357263991,,,,41,69.28153849
,spatial_embedded,100000,1,1,1,100,1000,1,embed,1.148458218,,,,48,119.376868
,spatial_embedded,100000,1,1,10,100,1000,0,ohe,1.262769267,,,,23,41.41175723
,spatial_embedded,100000,1,1,10,100,1000,0,lmm,1.110040352,1.131567359,0.017295895,,45,257.9354427
,spatial_embedded,100000,1,1,10,100,1000,0,ignore,1.232435738,,,,26,44.18225646
,spatial_embedded,100000,1,1,10,100,1000,0,embed,1.193322011,,,,48,119.378902
,spatial_embedded,100000,1,1,10,100,1000,1,ohe,1.324162786,,,,27,47.68950033
,spatial_embedded,100000,1,1,10,100,1000,1,lmm,1.104109989,1.112784028,0.146920919,,47,268.7752454
,spatial_embedded,100000,1,1,10,100,1000,1,ignore,1.283637041,,,,24,41.49240088
,spatial_embedded,100000,1,1,10,100,1000,1,embed,1.205177383,,,,62,152.25418
,spatial_embedded,100000,1,0.1,0.1,1000,1000,0,ohe,1.310289687,,,,18,37.28913355
,spatial_embedded,100000,1,0.1,0.1,1000,1000,0,lmm,1.234743639,1.260632396,0.741033912,,30,175.0608573
,spatial_embedded,100000,1,0.1,0.1,1000,1000,0,ignore,1.268730064,,,,38,63.90831661
,spatial_embedded,100000,1,0.1,0.1,1000,1000,0,embed,1.233959615,,,,21,55.70459175
,spatial_embedded,100000,1,0.1,0.1,1000,1000,1,ohe,1.299845146,,,,18,38.33479834
,spatial_embedded,100000,1,0.1,0.1,1000,1000,1,lmm,1.269270115,1.242543578,0.769721806,,35,202.8647194
,spatial_embedded,100000,1,0.1,0.1,1000,1000,1,ignore,1.305565751,,,,37,62.32130241
,spatial_embedded,100000,1,0.1,0.1,1000,1000,1,embed,1.226872767,,,,22,59.79621983
,spatial_embedded,100000,1,0.1,1,1000,1000,0,ohe,1.304038085,,,,19,37.47285748
,spatial_embedded,100000,1,0.1,1,1000,1000,0,lmm,1.281124073,1.254532456,0.514970124,,28,164.0923164
,spatial_embedded,100000,1,0.1,1,1000,1000,0,ignore,1.266641598,,,,28,48.57004786
,spatial_embedded,100000,1,0.1,1,1000,1000,0,embed,1.3070917,,,,21,53.83260965
,spatial_embedded,100000,1,0.1,1,1000,1000,1,ohe,1.273604284,,,,27,52.74293351
,spatial_embedded,100000,1,0.1,1,1000,1000,1,lmm,1.185038669,1.230985403,0.398102015,,51,291.5824368
,spatial_embedded,100000,1,0.1,1,1000,1000,1,ignore,1.26769804,,,,25,42.68139172
,spatial_embedded,100000,1,0.1,1,1000,1000,1,embed,1.24616531,,,,25,64.09758449
,spatial_embedded,100000,1,0.1,10,1000,1000,0,ohe,1.271939677,,,,18,36.65240622
,spatial_embedded,100000,1,0.1,10,1000,1000,0,lmm,1.088060082,1.13143599,0.093045838,,52,298.4225228
,spatial_embedded,100000,1,0.1,10,1000,1000,0,ignore,1.274343876,,,,24,41.4899385
,spatial_embedded,100000,1,0.1,10,1000,1000,0,embed,1.256343564,,,,20,52.05317354
,spatial_embedded,100000,1,0.1,10,1000,1000,1,ohe,1.27913512,,,,15,30.75403094
,spatial_embedded,100000,1,0.1,10,1000,1000,1,lmm,1.116111783,1.107847214,0.111249566,,47,270.1153295
,spatial_embedded,100000,1,0.1,10,1000,1000,1,ignore,1.226500102,,,,25,43.2236073
,spatial_embedded,100000,1,0.1,10,1000,1000,1,embed,1.311981041,,,,33,83.00497794
,spatial_embedded,100000,1,1,0.1,1000,1000,0,ohe,1.395268328,,,,17,34.60466385
,spatial_embedded,100000,1,1,0.1,1000,1000,0,lmm,1.328629167,1.171035767,0.153903708,,67,379.7961833
,spatial_embedded,100000,1,1,0.1,1000,1000,0,ignore,2.203105801,,,,55,92.46170545
,spatial_embedded,100000,1,1,0.1,1000,1000,0,embed,1.324458667,,,,19,49.25860405
,spatial_embedded,100000,1,1,0.1,1000,1000,1,ohe,1.317770643,,,,22,44.63496423
,spatial_embedded,100000,1,1,0.1,1000,1000,1,lmm,1.242675912,1.01630187,0.150942937,,73,412.8451405
,spatial_embedded,100000,1,1,0.1,1000,1000,1,ignore,2.066801741,,,,48,80.25557637
,spatial_embedded,100000,1,1,0.1,1000,1000,1,embed,1.313627027,,,,25,64.4288013
,spatial_embedded,100000,1,1,1,1000,1000,0,ohe,1.359938179,,,,16,32.14343476
,spatial_embedded,100000,1,1,1,1000,1000,0,lmm,1.165562775,1.015407681,0.005466835,,48,274.1422658
,spatial_embedded,100000,1,1,1,1000,1000,0,ignore,1.734474368,,,,56,94.24929452
,spatial_embedded,100000,1,1,1,1000,1000,0,embed,1.407745845,,,,20,54.64465952
,spatial_embedded,100000,1,1,1,1000,1000,1,ohe,1.31153933,,,,18,37.09095407
,spatial_embedded,100000,1,1,1,1000,1000,1,lmm,1.13333299,0.993633866,0.016938396,,56,320.0224078
,spatial_embedded,100000,1,1,1,1000,1000,1,ignore,1.653667381,,,,71,116.5574446
,spatial_embedded,100000,1,1,1,1000,1000,1,embed,1.300971564,,,,24,65.4070189
,spatial_embedded,100000,1,1,10,1000,1000,0,ohe,1.31676386,,,,22,43.33666086
,spatial_embedded,100000,1,1,10,1000,1000,0,lmm,1.161614161,1.110158324,0.013565182,,46,263.4205921
,spatial_embedded,100000,1,1,10,1000,1000,0,ignore,1.358760959,,,,30,50.50588703
,spatial_embedded,100000,1,1,10,1000,1000,0,embed,1.309550431,,,,29,77.54190373
,spatial_embedded,100000,1,1,10,1000,1000,1,ohe,1.304826546,,,,14,28.87071061
,spatial_embedded,100000,1,1,10,1000,1000,1,lmm,1.12914737,1.136575103,0.032190844,,37,213.9151251
,spatial_embedded,100000,1,1,10,1000,1000,1,ignore,1.34853427,,,,28,46.96202254
,spatial_embedded,100000,1,1,10,1000,1000,1,embed,1.307606567,,,,18,46.60740733
,spatial_embedded,100000,1,0.1,0.1,10000,1000,0,ohe,1.521736051,,,,13,95.19374275
,spatial_embedded,100000,1,0.1,0.1,10000,1000,0,lmm,1.324900273,1.30147779,0.654229343,,16,98.0288918
,spatial_embedded,100000,1,0.1,0.1,10000,1000,0,ignore,1.285119461,,,,23,38.91054535
,spatial_embedded,100000,1,0.1,0.1,10000,1000,0,embed,1.618330646,,,,15,41.38599443
,spatial_embedded,100000,1,0.1,0.1,10000,1000,1,ohe,1.565852038,,,,13,95.32658792
,spatial_embedded,100000,1,0.1,0.1,10000,1000,1,lmm,1.211076899,1.221101284,0.770007432,,90,507.5317731
,spatial_embedded,100000,1,0.1,0.1,10000,1000,1,ignore,1.294730517,,,,33,56.19496298
,spatial_embedded,100000,1,0.1,0.1,10000,1000,1,embed,1.609714424,,,,14,39.34785891
,spatial_embedded,100000,1,0.1,1,10000,1000,0,ohe,1.557837424,,,,13,96.1245544
,spatial_embedded,100000,1,0.1,1,10000,1000,0,lmm,1.28513668,1.276346922,0.57056278,,24,141.958014
,spatial_embedded,100000,1,0.1,1,10000,1000,0,ignore,1.254376438,,,,24,40.2426126
,spatial_embedded,100000,1,0.1,1,10000,1000,0,embed,1.6117493,,,,16,44.25703621
,spatial_embedded,100000,1,0.1,1,10000,1000,1,ohe,1.518820134,,,,12,87.98401904
,spatial_embedded,100000,1,0.1,1,10000,1000,1,lmm,1.262392328,1.275857091,0.648945451,,20,119.5342727
,spatial_embedded,100000,1,0.1,1,10000,1000,1,ignore,1.249384767,,,,23,39.32749295
,spatial_embedded,100000,1,0.1,1,10000,1000,1,embed,1.596859516,,,,17,46.69765139
,spatial_embedded,100000,1,0.1,10,10000,1000,0,ohe,1.565858943,,,,12,91.08958316
,spatial_embedded,100000,1,0.1,10,10000,1000,0,lmm,1.121848734,1.119698405,0.092488743,,59,334.335876
,spatial_embedded,100000,1,0.1,10,10000,1000,0,ignore,1.260583271,,,,36,59.56509304
,spatial_embedded,100000,1,0.1,10,10000,1000,0,embed,1.707417012,,,,15,42.00902081
,spatial_embedded,100000,1,0.1,10,10000,1000,1,ohe,1.550670641,,,,12,88.27724767
,spatial_embedded,100000,1,0.1,10,10000,1000,1,lmm,1.103991247,1.12178266,0.120543726,,59,336.7031567
,spatial_embedded,100000,1,0.1,10,10000,1000,1,ignore,1.183174667,,,,49,81.95699859
,spatial_embedded,100000,1,0.1,10,10000,1000,1,embed,1.593064709,,,,15,42.13132334
,spatial_embedded,100000,1,1,0.1,10000,1000,0,ohe,1.68069915,,,,15,104.1418087
,spatial_embedded,100000,1,1,0.1,10000,1000,0,lmm,,,,,16,98.1346364
,spatial_embedded,100000,1,1,0.1,10000,1000,0,ignore,2.209156818,,,,18,30.02293205
,spatial_embedded,100000,1,1,0.1,10000,1000,0,embed,1.702480514,,,,18,52.15653944
,spatial_embedded,100000,1,1,0.1,10000,1000,1,ohe,1.692002017,,,,14,100.6323955
,spatial_embedded,100000,1,1,0.1,10000,1000,1,lmm,1.464185536,1.264549375,0.358001679,,101,570.4844408
,spatial_embedded,100000,1,1,0.1,10000,1000,1,ignore,2.285820004,,,,26,44.27370906
,spatial_embedded,100000,1,1,0.1,10000,1000,1,embed,1.765722986,,,,22,66.96360373
,spatial_embedded,100000,1,1,1,10000,1000,0,ohe,1.627585402,,,,13,93.53725529
,spatial_embedded,100000,1,1,1,10000,1000,0,lmm,1.162395828,0.945343852,0.035155948,,77,434.6025648
,spatial_embedded,100000,1,1,1,10000,1000,0,ignore,1.797612135,,,,22,37.98415685
,spatial_embedded,100000,1,1,1,10000,1000,0,embed,1.632136887,,,,17,46.31406283
,spatial_embedded,100000,1,1,1,10000,1000,1,ohe,1.691035738,,,,15,103.0617268
,spatial_embedded,100000,1,1,1,10000,1000,1,lmm,1.14453864,1.020409584,0.005963522,,51,290.1808004
,spatial_embedded,100000,1,1,1,10000,1000,1,ignore,1.708486224,,,,65,107.4999893
,spatial_embedded,100000,1,1,1,10000,1000,1,embed,1.66713265,,,,20,54.47372746
,spatial_embedded,100000,1,1,10,10000,1000,0,ohe,1.639696342,,,,14,99.86498117
,spatial_embedded,100000,1,1,10,10000,1000,0,lmm,1.146535211,1.083251119,0.029924897,,52,294.8910089
,spatial_embedded,100000,1,1,10,10000,1000,0,ignore,1.404983208,,,,23,38.49753284
,spatial_embedded,100000,1,1,10,10000,1000,0,embed,1.793546788,,,,18,49.90371609
,spatial_embedded,100000,1,1,10,10000,1000,1,ohe,1.688920036,,,,14,99.88740778
,spatial_embedded,100000,1,1,10,10000,1000,1,lmm,1.08113016,1.090069294,0.01534593,,46,262.1112599
,spatial_embedded,100000,1,1,10,10000,1000,1,ignore,1.531674912,,,,22,37.09697843
,spatial_embedded,100000,1,1,10,10000,1000,1,embed,1.731568024,,,,17,46.87465549
,spatial_embedded,100000,1,0.1,0.1,100,1000,0,ohe,1.23185657,,,,33,60.10181832
,spatial_embedded,100000,1,0.1,0.1,100,1000,0,lmm,1.241420082,1.291629434,0.437130064,,20,123.7006669
,spatial_embedded,100000,1,0.1,0.1,100,1000,0,ignore,1.217834436,,,,59,100.4752908
,spatial_embedded,100000,1,0.1,0.1,100,1000,0,embed,1.179737902,,,,22,56.03623343
,spatial_embedded,100000,1,0.1,0.1,100,1000,1,ohe,1.214664074,,,,22,38.29832435
,spatial_embedded,100000,1,0.1,0.1,100,1000,1,lmm,1.172547753,1.264656305,0.773989856,,28,164.016047
,spatial_embedded,100000,1,0.1,0.1,100,1000,1,ignore,1.246477451,,,,45,75.36587381
,spatial_embedded,100000,1,0.1,0.1,100,1000,1,embed,1.190178398,,,,34,86.50194263
,spatial_embedded,100000,1,0.1,1,100,1000,0,ohe,1.20184683,,,,19,33.15594125
,spatial_embedded,100000,1,0.1,1,100,1000,0,lmm,1.150031587,1.136112928,0.161009938,,69,385.9030726
,spatial_embedded,100000,1,0.1,1,100,1000,0,ignore,1.331499202,,,,21,36.1502037
,spatial_embedded,100000,1,0.1,1,100,1000,0,embed,1.235889499,,,,32,81.14824915
,spatial_embedded,100000,1,0.1,1,100,1000,1,ohe,1.167734848,,,,32,55.09541893
,spatial_embedded,100000,1,0.1,1,100,1000,1,lmm,1.138886738,1.132213831,0.174119413,,43,245.395174
,spatial_embedded,100000,1,0.1,1,100,1000,1,ignore,1.243251514,,,,26,43.88730025
,spatial_embedded,100000,1,0.1,1,100,1000,1,embed,1.19181807,,,,20,51.0619421
,spatial_embedded,100000,1,0.1,10,100,1000,0,ohe,1.16544683,,,,30,51.94793916
,spatial_embedded,100000,1,0.1,10,100,1000,0,lmm,1.077245984,1.103909373,0.115366064,,75,418.7857687
,spatial_embedded,100000,1,0.1,10,100,1000,0,ignore,1.339982085,,,,19,32.94830275
,spatial_embedded,100000,1,0.1,10,100,1000,0,embed,1.228631056,,,,22,56.8120575
,spatial_embedded,100000,1,0.1,10,100,1000,1,ohe,1.285259503,,,,28,48.99384928
,spatial_embedded,100000,1,0.1,10,100,1000,1,lmm,1.125480923,1.121828675,0.0846356,,38,216.7732816
,spatial_embedded,100000,1,0.1,10,100,1000,1,ignore,1.175676998,,,,50,84.12756658
,spatial_embedded,100000,1,0.1,10,100,1000,1,embed,1.194587092,,,,22,57.90338945
,spatial_embedded,100000,1,1,0.1,100,1000,0,ohe,1.238124419,,,,31,54.72950721
,spatial_embedded,100000,1,1,0.1,100,1000,0,lmm,1.099822638,1.129904985,0.072745137,,33,189.0398693
,spatial_embedded,100000,1,1,0.1,100,1000,0,ignore,1.57537754,,,,66,111.8947175
,spatial_embedded,100000,1,1,0.1,100,1000,0,embed,1.362447012,,,,25,65.56783295
,spatial_embedded,100000,1,1,0.1,100,1000,1,ohe,1.288711886,,,,19,32.90177464
,spatial_embedded,100000,1,1,0.1,100,1000,1,lmm,1.109313231,1.045059919,0.016567592,,94,525.5415258
,spatial_embedded,100000,1,1,0.1,100,1000,1,ignore,1.723531344,,,,57,94.9869225
,spatial_embedded,100000,1,1,0.1,100,1000,1,embed,1.238698568,,,,24,63.63779211
,spatial_embedded,100000,1,1,1,100,1000,0,ohe,1.22180214,,,,30,52.24135232
,spatial_embedded,100000,1,1,1,100,1000,0,lmm,1.068493951,1.117204905,0.015053987,,34,195.5318143
,spatial_embedded,100000,1,1,1,100,1000,0,ignore,1.459994517,,,,32,55.1886127
,spatial_embedded,100000,1,1,1,100,1000,0,embed,1.24615943,,,,25,65.88410282
,spatial_embedded,100000,1,1,1,100,1000,1,ohe,1.271324024,,,,33,58.12317467
,spatial_embedded,100000,1,1,1,100,1000,1,lmm,1.08369537,1.083895206,0.031787585,,51,296.952162
,spatial_embedded,100000,1,1,1,100,1000,1,ignore,1.431420056,,,,89,150.7058067
,spatial_embedded,100000,1,1,1,100,1000,1,embed,1.251789299,,,,30,80.73630357
,spatial_embedded,100000,1,1,10,100,1000,0,ohe,1.221195825,,,,35,62.33409977
,spatial_embedded,100000,1,1,10,100,1000,0,lmm,1.101977078,1.117016673,0.031546663,,44,248.9232779
,spatial_embedded,100000,1,1,10,100,1000,0,ignore,1.370155813,,,,18,31.57581878
,spatial_embedded,100000,1,1,10,100,1000,0,embed,1.251605817,,,,39,99.34282708
,spatial_embedded,100000,1,1,10,100,1000,1,ohe,1.22010349,,,,37,64.14422131
,spatial_embedded,100000,1,1,10,100,1000,1,lmm,1.156886108,1.17874372,0.060460649,,21,124.1607976
,spatial_embedded,100000,1,1,10,100,1000,1,ignore,1.303769461,,,,28,47.52778721
,spatial_embedded,100000,1,1,10,100,1000,1,embed,1.247783641,,,,23,60.74710536
,spatial_embedded,100000,1,0.1,0.1,1000,1000,0,ohe,1.251478355,,,,14,29.18410468
,spatial_embedded,100000,1,0.1,0.1,1000,1000,0,lmm,1.24633067,1.270773053,0.708511233,,24,140.3328946
,spatial_embedded,100000,1,0.1,0.1,1000,1000,0,ignore,1.311619851,,,,24,41.59606981
,spatial_embedded,100000,1,0.1,0.1,1000,1000,0,embed,1.264992609,,,,24,61.49705553
,spatial_embedded,100000,1,0.1,0.1,1000,1000,1,ohe,1.251230578,,,,15,31.70065331
,spatial_embedded,100000,1,0.1,0.1,1000,1000,1,lmm,1.194832673,1.241344571,0.610178113,,66,370.2159576
,spatial_embedded,100000,1,0.1,0.1,1000,1000,1,ignore,1.198841671,,,,59,99.46285915
,spatial_embedded,100000,1,0.1,0.1,1000,1000,1,embed,1.240167351,,,,19,49.4669745
,spatial_embedded,100000,1,0.1,1,1000,1000,0,ohe,1.304490069,,,,20,39.34757686
,spatial_embedded,100000,1,0.1,1,1000,1000,0,lmm,1.133870859,1.129834294,0.15055576,,54,305.4556992
,spatial_embedded,100000,1,0.1,1,1000,1000,0,ignore,1.272810187,,,,35,61.5702343
,spatial_embedded,100000,1,0.1,1,1000,1000,0,embed,1.3035479,,,,21,53.80896211
,spatial_embedded,100000,1,0.1,1,1000,1000,1,ohe,1.321147095,,,,18,36.65657234
,spatial_embedded,100000,1,0.1,1,1000,1000,1,lmm,1.144938517,1.150355339,0.071945116,,56,315.8014617
,spatial_embedded,100000,1,0.1,1,1000,1000,1,ignore,1.312122638,,,,19,33.13075209
,spatial_embedded,100000,1,0.1,1,1000,1000,1,embed,1.283133284,,,,20,52.31145406
,spatial_embedded,100000,1,0.1,10,1000,1000,0,ohe,1.30767907,,,,17,34.414608
,spatial_embedded,100000,1,0.1,10,1000,1000,0,lmm,1.090704719,1.110262752,0.040718365,,56,314.4656825
,spatial_embedded,100000,1,0.1,10,1000,1000,0,ignore,1.234819034,,,,54,91.5324676
,spatial_embedded,100000,1,0.1,10,1000,1000,0,embed,1.338660961,,,,17,44.87971568
,spatial_embedded,100000,1,0.1,10,1000,1000,1,ohe,1.331223569,,,,25,47.96805191
,spatial_embedded,100000,1,0.1,10,1000,1000,1,lmm,1.082579553,1.119069695,0.055028409,,56,315.520962
,spatial_embedded,100000,1,0.1,10,1000,1000,1,ignore,1.249805431,,,,28,47.54616785
,spatial_embedded,100000,1,0.1,10,1000,1000,1,embed,1.227515469,,,,18,49.80717659
,spatial_embedded,100000,1,1,0.1,1000,1000,0,ohe,1.357370562,,,,22,44.76502514
,spatial_embedded,100000,1,1,0.1,1000,1000,0,lmm,,,,,18,107.6584198
,spatial_embedded,100000,1,1,0.1,1000,1000,0,ignore,2.13288642,,,,28,47.77879167
,spatial_embedded,100000,1,1,0.1,1000,1000,0,embed,1.377725654,,,,31,81.90049648
,spatial_embedded,100000,1,1,0.1,1000,1000,1,ohe,1.34895409,,,,19,37.23175716
,spatial_embedded,100000,1,1,0.1,1000,1000,1,lmm,1.246686184,1.109237194,0.038792059,,77,429.2753859
,spatial_embedded,100000,1,1,0.1,1000,1000,1,ignore,2.060223018,,,,41,69.57714581
,spatial_embedded,100000,1,1,0.1,1000,1000,1,embed,1.359892167,,,,18,46.29894161
,spatial_embedded,100000,1,1,1,1000,1000,0,ohe,1.394533649,,,,17,34.46953249
,spatial_embedded,100000,1,1,1,1000,1000,0,lmm,1.136017671,0.979236662,0.010014108,,62,345.9086082
,spatial_embedded,100000,1,1,1,1000,1000,0,ignore,1.729368493,,,,50,84.16778946
,spatial_embedded,100000,1,1,1,1000,1000,0,embed,1.423004497,,,,21,56.93825126
,spatial_embedded,100000,1,1,1,1000,1000,1,ohe,1.400793896,,,,19,37.58289957
,spatial_embedded,100000,1,1,1,1000,1000,1,lmm,1.181640804,1.0447644,0.037643295,,43,242.6354258
,spatial_embedded,100000,1,1,1,1000,1000,1,ignore,1.623403161,,,,70,117.4570625
,spatial_embedded,100000,1,1,1,1000,1000,1,embed,1.29616319,,,,23,61.29067111
,spatial_embedded,100000,1,1,10,1000,1000,0,ohe,1.324458656,,,,17,34.8866744
,spatial_embedded,100000,1,1,10,1000,1000,0,lmm,1.11754766,1.148269773,0.017943148,,25,145.1107943
,spatial_embedded,100000,1,1,10,1000,1000,0,ignore,1.421552071,,,,22,37.98426604
,spatial_embedded,100000,1,1,10,1000,1000,0,embed,1.302333683,,,,19,52.16537547
,spatial_embedded,100000,1,1,10,1000,1000,1,ohe,1.336920412,,,,16,32.99481988
,spatial_embedded,100000,1,1,10,1000,1000,1,lmm,1.122102449,1.093805432,0.022849578,,52,291.1301606
,spatial_embedded,100000,1,1,10,1000,1000,1,ignore,1.306254535,,,,33,56.51515698
,spatial_embedded,100000,1,1,10,1000,1000,1,embed,1.365656232,,,,34,86.0377028
,spatial_embedded,100000,1,0.1,0.1,10000,1000,0,ohe,1.550338652,,,,12,88.59449816
,spatial_embedded,100000,1,0.1,0.1,10000,1000,0,lmm,1.204309468,1.237626553,0.541279972,,52,293.6475811
,spatial_embedded,100000,1,0.1,0.1,10000,1000,0,ignore,1.213330191,,,,65,107.7714486
,spatial_embedded,100000,1,0.1,0.1,10000,1000,0,embed,1.606189935,,,,15,41.66449046
,spatial_embedded,100000,1,0.1,0.1,10000,1000,1,ohe,1.559707847,,,,14,97.55934906
,spatial_embedded,100000,1,0.1,0.1,10000,1000,1,lmm,1.193090823,1.235150456,0.799705565,,37,212.9530561
,spatial_embedded,100000,1,0.1,0.1,10000,1000,1,ignore,1.246325848,,,,30,51.40163279
,spatial_embedded,100000,1,0.1,0.1,10000,1000,1,embed,1.639505541,,,,17,48.07253432
,spatial_embedded,100000,1,0.1,1,10000,1000,0,ohe,1.539435496,,,,12,89.43979144
,spatial_embedded,100000,1,0.1,1,10000,1000,0,lmm,1.278484954,1.271892667,0.471355617,,24,141.0003388
,spatial_embedded,100000,1,0.1,1,10000,1000,0,ignore,1.243372732,,,,53,89.85452771
,spatial_embedded,100000,1,0.1,1,10000,1000,0,embed,1.603011604,,,,15,41.00594139
,spatial_embedded,100000,1,0.1,1,10000,1000,1,ohe,1.582618509,,,,13,94.04161644
,spatial_embedded,100000,1,0.1,1,10000,1000,1,lmm,1.177249297,1.188413978,0.218020335,,42,239.3320169
,spatial_embedded,100000,1,0.1,1,10000,1000,1,ignore,1.200176257,,,,39,66.32155728
,spatial_embedded,100000,1,0.1,1,10000,1000,1,embed,1.665078553,,,,16,44.28344178
,spatial_embedded,100000,1,0.1,10,10000,1000,0,ohe,1.57994471,,,,12,87.54129148
,spatial_embedded,100000,1,0.1,10,10000,1000,0,lmm,1.073495021,1.122026682,0.061291296,,51,288.359756
,spatial_embedded,100000,1,0.1,10,10000,1000,0,ignore,1.278998096,,,,24,40.74475765
,spatial_embedded,100000,1,0.1,10,10000,1000,0,embed,1.664265748,,,,15,41.54454231
,spatial_embedded,100000,1,0.1,10,10000,1000,1,ohe,1.547175773,,,,14,95.59530902
,spatial_embedded,100000,1,0.1,10,10000,1000,1,lmm,1.125673524,1.132133603,0.131614357,,53,297.6348758
,spatial_embedded,100000,1,0.1,10,10000,1000,1,ignore,1.184054806,,,,76,128.9303734
,spatial_embedded,100000,1,0.1,10,10000,1000,1,embed,1.608446896,,,,15,42.98270154
,spatial_embedded,100000,1,1,0.1,10000,1000,0,ohe,1.703600964,,,,13,94.63050961
,spatial_embedded,100000,1,1,0.1,10000,1000,0,lmm,1.575360847,1.213811994,0.497065693,,86,478.8972545
,spatial_embedded,100000,1,1,0.1,10000,1000,0,ignore,2.200837566,,,,30,51.38419724
,spatial_embedded,100000,1,1,0.1,10000,1000,0,embed,1.718423426,,,,18,50.16705608
,spatial_embedded,100000,1,1,0.1,10000,1000,1,ohe,1.66799013,,,,15,102.7017782
,spatial_embedded,100000,1,1,0.1,10000,1000,1,lmm,1.69827218,1.662630677,0.414966077,,72,403.7018564
,spatial_embedded,100000,1,1,0.1,10000,1000,1,ignore,2.163568465,,,,26,45.58415532
,spatial_embedded,100000,1,1,0.1,10000,1000,1,embed,1.837352873,,,,21,57.58673239
,spatial_embedded,100000,1,1,1,10000,1000,0,ohe,1.647382399,,,,14,99.12584281
,spatial_embedded,100000,1,1,1,10000,1000,0,lmm,1.173601408,1.041168094,0.003448621,,50,281.5369952
,spatial_embedded,100000,1,1,1,10000,1000,0,ignore,1.896045031,,,,39,64.37450075
,spatial_embedded,100000,1,1,1,10000,1000,0,embed,1.703105394,,,,17,46.81158161
,spatial_embedded,100000,1,1,1,10000,1000,1,ohe,1.679988642,,,,15,99.8758533
,spatial_embedded,100000,1,1,1,10000,1000,1,lmm,1.178277797,1.001030564,0.002456445,,47,265.700227
,spatial_embedded,100000,1,1,1,10000,1000,1,ignore,1.732285496,,,,90,152.3293929
,spatial_embedded,100000,1,1,1,10000,1000,1,embed,1.675294997,,,,18,51.3525815
,spatial_embedded,100000,1,1,10,10000,1000,0,ohe,1.657340312,,,,13,92.37839699
,spatial_embedded,100000,1,1,10,10000,1000,0,lmm,1.127032837,1.159279943,0.039401349,,29,167.1802084
,spatial_embedded,100000,1,1,10,10000,1000,0,ignore,1.31953515,,,,27,46.16251588
,spatial_embedded,100000,1,1,10,10000,1000,0,embed,1.710281754,,,,20,56.95397878
,spatial_embedded,100000,1,1,10,10000,1000,1,ohe,1.636182094,,,,13,93.70269251
,spatial_embedded,100000,1,1,10,10000,1000,1,lmm,1.115179131,1.082640648,0.015444693,,55,310.0454857
,spatial_embedded,100000,1,1,10,10000,1000,1,ignore,1.305371569,,,,39,66.34982204
,spatial_embedded,100000,1,1,10,10000,1000,1,embed,1.69903773,,,,18,50.76155353
,spatial,100000,1,0.1,0.1,100,,0,lmm_known,1.105177356,1.128958702,0.116624825,3.161860228,56,321.1249635
,spatial,100000,1,0.1,0.1,100,,1,lmm_known,1.087814349,1.108820915,0.089800142,0.063958168,54,321.2380264
,spatial,100000,1,0.1,1,100,,0,lmm_known,1.106479422,1.143891454,0.115084447,0.67682445,31,187.5053141
,spatial,100000,1,0.1,1,100,,1,lmm_known,1.088365658,1.108877301,0.106028907,0.077558085,55,310.5868242
,spatial,100000,1,0.1,10,100,,0,lmm_known,1.115938602,1.135980844,0.147589281,2.532491207,44,252.3271093
,spatial,100000,1,0.1,10,100,,1,lmm_known,1.102958471,1.112543941,0.203292072,2.309118271,56,340.6809087
,spatial,100000,1,1,0.1,100,,0,lmm_known,1.081843218,1.095819831,0.881824851,0.006442518,64,366.7276537
,spatial,100000,1,1,0.1,100,,1,lmm_known,1.075217357,1.128304005,0.991544485,0.233823165,37,220.6732879
,spatial,100000,1,1,1,100,,0,lmm_known,1.073729484,1.127139449,0.91415596,1.809936047,40,233.4758785
,spatial,100000,1,1,1,100,,1,lmm_known,1.092699863,1.116497874,1.175689459,2.422358751,47,278.0422983
,spatial,100000,1,1,10,100,,0,lmm_known,1.119265944,1.111353159,0.573886216,2.222296476,37,224.5641427
,spatial,100000,1,1,10,100,,1,lmm_known,1.103029086,1.14090836,0.665508449,1.282334566,35,209.5653653
,spatial,100000,1,0.1,0.1,1000,,0,lmm_known,1.284235917,1.158674598,0.080434807,0.964889169,22,148.0353322
,spatial,100000,1,0.1,0.1,1000,,1,lmm_known,1.134189928,1.165069461,0.112738192,0.356402308,24,156.4757781
,spatial,100000,1,0.1,1,1000,,0,lmm_known,1.083126701,1.131136775,0.084174536,0.477062464,55,316.1166697
,spatial,100000,1,0.1,1,1000,,1,lmm_known,1.136730198,1.103820324,0.107806675,1.200554848,51,303.3469985
,spatial,100000,1,0.1,10,1000,,0,lmm_known,1.142503995,1.156617522,0.044717275,2.720086098,34,207.9292476
,spatial,100000,1,0.1,10,1000,,1,lmm_known,1.067648465,1.125992179,0.049810808,2.220425844,44,259.7565534
,spatial,100000,1,1,0.1,1000,,0,lmm_known,1.157353425,1.099216342,1.105136156,0.142323703,80,460.3005137
,spatial,100000,1,1,0.1,1000,,1,lmm_known,1.173487787,1.106022239,0.889560342,1.00E-05,75,417.4177246
,spatial,100000,1,1,1,1000,,0,lmm_known,1.129502351,1.124384403,1.033626199,1.167858958,55,324.3013098
,spatial,100000,1,1,1,1000,,1,lmm_known,1.141212355,1.140273213,1.038983703,1.360430717,37,222.6623468
,spatial,100000,1,1,10,1000,,0,lmm_known,1.095251967,1.129755259,1.223137259,8.093170166,44,267.3531554
,spatial,100000,1,1,10,1000,,1,lmm_known,1.067916678,1.084871292,1.100652456,7.414158821,62,380.192409
,spatial,100000,1,0.1,0.1,10000,,0,lmm_known,1.134326055,1.126475096,0.100579053,0.143271104,51,466.9889989
,spatial,100000,1,0.1,0.1,10000,,1,lmm_known,1.153754629,1.117447376,0.114570431,0.087133735,52,460.3517673
,spatial,100000,1,0.1,1,10000,,0,lmm_known,1.185295432,1.156438589,0.080389306,0.975053012,16,215.6727407
,spatial,100000,1,0.1,1,10000,,1,lmm_known,1.112580034,1.131198168,0.098001465,0.740926504,64,475.6059229
,spatial,100000,1,0.1,10,10000,,0,lmm_known,1.146558576,1.134939194,0.077814579,6.407549858,31,279.4476447
,spatial,100000,1,0.1,10,10000,,1,lmm_known,1.129237733,1.156633019,0.107340023,6.108228207,23,234.7078068
,spatial,100000,1,1,0.1,10000,,0,lmm_known,1.30313514,1.128057241,0.920797765,0.094225354,55,504.5846219
,spatial,100000,1,1,0.1,10000,,1,lmm_known,1.350420036,1.142987013,1.14043653,0.059091076,33,349.3947263
,spatial,100000,1,1,1,10000,,0,lmm_known,1.107078387,1.108825207,0.926884174,0.951464653,44,340.9330645
,spatial,100000,1,1,1,10000,,1,lmm_known,1.105594882,1.135167718,1.122594714,1.188976049,50,378.3959703
,spatial,100000,1,1,10,10000,,0,lmm_known,1.120492781,1.112750649,1.598834634,16.509552,52,384.3186414
,spatial,100000,1,1,10,10000,,1,lmm_known,1.094572521,1.113152981,1.047220349,9.546339035,89,566.4245412
,spatial,100000,1,0.1,0.1,100,,2,lmm_known,1.099128355,1.107982874,0.152254671,0.984905839,59,334.3867853
,spatial,100000,1,0.1,0.1,100,,3,lmm_known,1.146858134,1.10674727,0.137371629,1.340948701,49,293.9484429
,spatial,100000,1,0.1,0.1,100,,4,lmm_known,1.056782051,1.112736464,0.083633922,0.021414837,61,489.6534584
,spatial,100000,1,0.1,1,100,,2,lmm_known,1.091633906,1.122713685,0.079028204,0.672158957,27,166.466764
,spatial,100000,1,0.1,1,100,,3,lmm_known,1.160101176,1.123740435,0.134901375,2.979517698,55,308.3497796
,spatial,100000,1,0.1,1,100,,4,lmm_known,1.119375305,1.12825036,0.101099491,1.634855747,46,271.9534762
,spatial,100000,1,0.1,10,100,,2,lmm_known,1.095405896,1.12111342,0.082009993,0.655057132,36,231.2077043
,spatial,100000,1,0.1,10,100,,3,lmm_known,1.116966875,1.110174656,0.049191553,0.987465918,60,337.8940709
,spatial,100000,1,0.1,10,100,,4,lmm_known,1.062904692,1.123457551,0.133740485,4.562936783,59,330.8844669
,spatial,100000,1,1,0.1,100,,2,lmm_known,1.080689521,1.12953651,1.06205225,1.508331299,34,208.85004
,spatial,100000,1,1,0.1,100,,3,lmm_known,1.084251712,1.120568871,0.953904688,0.190415367,62,348.2621558
,spatial,100000,1,1,0.1,100,,4,lmm_known,1.078544859,1.102381945,1.046569347,0.066636398,57,325.010376
,spatial,100000,1,1,1,100,,2,lmm_known,1.074454998,1.118286848,0.78836441,1.135843515,29,185.0238068
,spatial,100000,1,1,1,100,,3,lmm_known,1.079531982,1.140215755,1.165348291,1.023971081,37,217.4636338
,spatial,100000,1,1,1,100,,4,lmm_known,1.109385789,1.123399258,0.930226207,1.569123626,53,299.2165499
,spatial,100000,1,1,10,100,,2,lmm_known,1.1328974,1.137318373,0.73519063,4.121174812,39,237.4370272
,spatial,100000,1,1,10,100,,3,lmm_known,1.121123874,1.113316774,0.819605827,2.5086689,44,262.8879731
,spatial,100000,1,1,10,100,,4,lmm_known,1.102668874,1.157682657,0.951188028,1.540999174,27,175.0040302
,spatial,100000,1,0.1,0.1,1000,,2,lmm_known,1.120693268,1.111076713,0.104774885,0.15473339,63,376.7646356
,spatial,100000,1,0.1,0.1,1000,,3,lmm_known,1.172571771,1.18787086,0.121477529,1.655342937,25,160.9485736
,spatial,100000,1,0.1,0.1,1000,,4,lmm_known,1.104908556,1.104142547,0.124964237,0.075555541,61,355.3979039
,spatial,100000,1,0.1,1,1000,,2,lmm_known,1.109231222,1.101705551,0.090304919,0.406331837,62,361.8563306
,spatial,100000,1,0.1,1,1000,,3,lmm_known,1.119575414,1.122094989,0.121233337,0.931254268,56,330.7941825
,spatial,100000,1,0.1,1,1000,,4,lmm_known,1.089970747,1.134225607,0.118989587,1.122101188,38,226.5245223
,spatial,100000,1,0.1,10,1000,,2,lmm_known,1.087943022,1.125400543,0.043692861,3.405610085,34,205.5313382
,spatial,100000,1,0.1,10,1000,,3,lmm_known,1.117915501,1.114944339,0.145316377,3.538109303,49,292.0634639
,spatial,100000,1,0.1,10,1000,,4,lmm_known,1.12778234,1.109640121,0.053175773,3.658282042,47,304.796994
,spatial,100000,1,1,0.1,1000,,2,lmm_known,1.173931167,1.09657824,0.982313275,0.100195542,42,263.4914856
,spatial,100000,1,1,0.1,1000,,3,lmm_known,1.191719823,1.093471527,1.188626409,0.006253227,42,402.9125283
,spatial,100000,1,1,0.1,1000,,4,lmm_known,1.178427375,1.118388295,0.962506354,0.11260023,50,296.5517466
,spatial,100000,1,1,1,1000,,2,lmm_known,1.121903799,1.122280121,0.988576114,1.243606329,41,241.8891454
,spatial,100000,1,1,1,1000,,3,lmm_known,1.137780657,1.120860457,0.832518995,0.808903813,32,196.8006818
,spatial,100000,1,1,1,1000,,4,lmm_known,1.124645732,1.119996786,1.172124863,0.989536643,45,262.166563
,spatial,100000,1,1,10,1000,,2,lmm_known,1.075480486,1.113479257,0.742190361,4.493590355,44,268.6685581
,spatial,100000,1,1,10,1000,,3,lmm_known,1.086402668,1.100285888,0.965422511,4.8492136,54,308.8830264
,spatial,100000,1,1,10,1000,,4,lmm_known,1.128077479,1.112555861,0.763897359,5.091420174,41,249.2437832
,spatial,100000,1,0.1,0.1,10000,,2,lmm_known,1.189566503,1.120693088,0.098389722,0.140430957,46,430.2782955
,spatial,100000,1,0.1,0.1,10000,,3,lmm_known,1.262021199,1.170321822,0.115878291,0.062983103,21,293.6496789
,spatial,100000,1,0.1,0.1,10000,,4,lmm_known,1.200021123,1.167144537,0.091173649,0.158023939,22,320.0641546
,spatial,100000,1,0.1,1,10000,,2,lmm_known,1.10003745,1.124285817,0.077385098,1.327729821,49,398.803266
,spatial,100000,1,0.1,1,10000,,3,lmm_known,1.081733222,1.110424519,0.114615247,1.041279316,77,522.9839356
,spatial,100000,1,0.1,1,10000,,4,lmm_known,1.117541137,1.107205391,0.10172075,1.170006037,68,475.5398607
,spatial,100000,1,0.1,10,10000,,2,lmm_known,1.115132979,1.128754139,0.123255834,6.013071537,33,285.4234183
,spatial,100000,1,0.1,10,10000,,3,lmm_known,1.105155479,1.116655111,0.083617873,7.963312626,65,457.6599174
,spatial,100000,1,0.1,10,10000,,4,lmm_known,1.101260495,1.126950622,0.107096493,4.07471323,58,418.0518591
,spatial,100000,1,1,0.1,10000,,2,lmm_known,1.302504454,1.103384495,0.938853443,0.118054815,62,519.2209268
,spatial,100000,1,1,0.1,10000,,3,lmm_known,1.294909237,1.109222531,0.958418548,0.084456548,62,537.8533545
,spatial,100000,1,1,0.1,10000,,4,lmm_known,1.308714834,1.159223557,1.016656756,0.1480207,19,287.3786068
,spatial,100000,1,1,1,10000,,2,lmm_known,1.154704112,1.118507266,0.936687291,1.116590858,67,460.5245874
,spatial,100000,1,1,1,10000,,3,lmm_known,1.10987934,1.125985503,0.735342205,0.71715486,45,352.855118
,spatial,100000,1,1,1,10000,,4,lmm_known,1.118787227,1.139742255,1.212461114,0.933534563,35,299.1720829
,spatial,100000,1,1,10,10000,,2,lmm_known,1.132531809,1.128811717,1.195865035,15.06403828,48,362.512017
,spatial,100000,1,1,10,10000,,3,lmm_known,1.079635293,1.117871642,0.570446849,6.42552042,73,493.4608068
,spatial,100000,1,1,10,10000,,4,lmm_known,1.149989702,1.127718806,1.992883921,8.871433258,39,318.76478
